cod,desc,tipo,tipo_comune,dt_agg,cod_ele,cod_regione,regione,cod_provincia,provincia,cod_provincia_2,cod_comune
080000000000,EMILIA-ROMAGNA,RE,,,7,08,EMILIA-ROMAGNA,000,Unknown,000,0000
080130000000,BOLOGNA,CR,,,7,08,EMILIA-ROMAGNA,013,BOLOGNA,000,0000
080130130000,BOLOGNA,PR,,,7,08,EMILIA-ROMAGNA,013,BOLOGNA,013,0000
080130130005,ALTO RENO TERME,CM,N,,7,08,EMILIA-ROMAGNA,013,BOLOGNA,013,0005
080130130010,ANZOLA DELL'EMILIA,CM,N,,7,08,EMILIA-ROMAGNA,013,BOLOGNA,013,0010
080130130020,ARGELATO,CM,N,,7,08,EMILIA-ROMAGNA,013,BOLOGNA,013,0020
080130130030,BARICELLA,CM,N,,7,08,EMILIA-ROMAGNA,013,BOLOGNA,013,0030
080130130050,BENTIVOGLIO,CM,N,,7,08,EMILIA-ROMAGNA,013,BOLOGNA,013,0050
080130130060,BOLOGNA,CM,M,,7,08,EMILIA-ROMAGNA,013,BOLOGNA,013,0060
080130130070,BORGO TOSSIGNANO,CM,N,,7,08,EMILIA-ROMAGNA,013,BOLOGNA,013,0070
080130130080,BUDRIO,CM,M,,7,08,EMILIA-ROMAGNA,013,BOLOGNA,013,0080
080130130090,CALDERARA DI RENO,CM,N,,7,08,EMILIA-ROMAGNA,013,BOLOGNA,013,0090
080130130100,CAMUGNANO,CM,N,,7,08,EMILIA-ROMAGNA,013,BOLOGNA,013,0100
080130130110,CASALECCHIO DI RENO,CM,M,,7,08,EMILIA-ROMAGNA,013,BOLOGNA,013,0110
080130130120,CASALFIUMANESE,CM,N,,7,08,EMILIA-ROMAGNA,013,BOLOGNA,013,0120
080130130130,CASTEL D'AIANO,CM,N,,7,08,EMILIA-ROMAGNA,013,BOLOGNA,013,0130
080130130140,CASTEL DEL RIO,CM,N,,7,08,EMILIA-ROMAGNA,013,BOLOGNA,013,0140
080130130150,CASTEL DI CASIO,CM,N,,7,08,EMILIA-ROMAGNA,013,BOLOGNA,013,0150
080130130160,CASTEL GUELFO DI BOLOGNA,CM,N,,7,08,EMILIA-ROMAGNA,013,BOLOGNA,013,0160
080130130170,CASTELLO D'ARGILE,CM,N,,7,08,EMILIA-ROMAGNA,013,BOLOGNA,013,0170
080130130190,CASTEL MAGGIORE,CM,M,,7,08,EMILIA-ROMAGNA,013,BOLOGNA,013,0190
080130130200,CASTEL SAN PIETRO TERME,CM,M,,7,08,EMILIA-ROMAGNA,013,BOLOGNA,013,0200
080130130210,CASTENASO,CM,M,,7,08,EMILIA-ROMAGNA,013,BOLOGNA,013,0210
080130130220,CASTIGLIONE DEI PEPOLI,CM,N,,7,08,EMILIA-ROMAGNA,013,BOLOGNA,013,0220
080130130240,CREVALCORE,CM,N,,7,08,EMILIA-ROMAGNA,013,BOLOGNA,013,0240
080130130250,DOZZA,CM,N,,7,08,EMILIA-ROMAGNA,013,BOLOGNA,013,0250
080130130260,FONTANELICE,CM,N,,7,08,EMILIA-ROMAGNA,013,BOLOGNA,013,0260
080130130270,GAGGIO MONTANO,CM,N,,7,08,EMILIA-ROMAGNA,013,BOLOGNA,013,0270
080130130280,GALLIERA,CM,N,,7,08,EMILIA-ROMAGNA,013,BOLOGNA,013,0280
080130130300,GRANAROLO DELL'EMILIA,CM,N,,7,08,EMILIA-ROMAGNA,013,BOLOGNA,013,0300
080130130310,GRIZZANA MORANDI,CM,N,,7,08,EMILIA-ROMAGNA,013,BOLOGNA,013,0310
080130130320,IMOLA,CM,M,,7,08,EMILIA-ROMAGNA,013,BOLOGNA,013,0320
080130130330,LIZZANO IN BELVEDERE,CM,N,,7,08,EMILIA-ROMAGNA,013,BOLOGNA,013,0330
080130130340,LOIANO,CM,N,,7,08,EMILIA-ROMAGNA,013,BOLOGNA,013,0340
080130130350,MALALBERGO,CM,N,,7,08,EMILIA-ROMAGNA,013,BOLOGNA,013,0350
080130130360,MARZABOTTO,CM,N,,7,08,EMILIA-ROMAGNA,013,BOLOGNA,013,0360
080130130370,MEDICINA,CM,M,,7,08,EMILIA-ROMAGNA,013,BOLOGNA,013,0370
080130130380,MINERBIO,CM,N,,7,08,EMILIA-ROMAGNA,013,BOLOGNA,013,0380
080130130390,MOLINELLA,CM,M,,7,08,EMILIA-ROMAGNA,013,BOLOGNA,013,0390
080130130400,MONGHIDORO,CM,N,,7,08,EMILIA-ROMAGNA,013,BOLOGNA,013,0400
080130130410,MONTERENZIO,CM,N,,7,08,EMILIA-ROMAGNA,013,BOLOGNA,013,0410
080130130420,MONTE SAN PIETRO,CM,N,,7,08,EMILIA-ROMAGNA,013,BOLOGNA,013,0420
080130130440,MONZUNO,CM,N,,7,08,EMILIA-ROMAGNA,013,BOLOGNA,013,0440
080130130450,MORDANO,CM,N,,7,08,EMILIA-ROMAGNA,013,BOLOGNA,013,0450
080130130460,OZZANO DELL'EMILIA,CM,N,,7,08,EMILIA-ROMAGNA,013,BOLOGNA,013,0460
080130130470,PIANORO,CM,M,,7,08,EMILIA-ROMAGNA,013,BOLOGNA,013,0470
080130130480,PIEVE DI CENTO,CM,N,,7,08,EMILIA-ROMAGNA,013,BOLOGNA,013,0480
080130130500,SALA BOLOGNESE,CM,N,,7,08,EMILIA-ROMAGNA,013,BOLOGNA,013,0500
080130130510,SAN BENEDETTO VAL DI SAMBRO,CM,N,,7,08,EMILIA-ROMAGNA,013,BOLOGNA,013,0510
080130130520,SAN GIORGIO DI PIANO,CM,N,,7,08,EMILIA-ROMAGNA,013,BOLOGNA,013,0520
080130130530,SAN GIOVANNI IN PERSICETO,CM,M,,7,08,EMILIA-ROMAGNA,013,BOLOGNA,013,0530
080130130540,SAN LAZZARO DI SAVENA,CM,M,,7,08,EMILIA-ROMAGNA,013,BOLOGNA,013,0540
080130130550,SAN PIETRO IN CASALE,CM,N,,7,08,EMILIA-ROMAGNA,013,BOLOGNA,013,0550
080130130560,SANT'AGATA BOLOGNESE,CM,N,,7,08,EMILIA-ROMAGNA,013,BOLOGNA,013,0560
080130130570,SASSO MARCONI,CM,N,,7,08,EMILIA-ROMAGNA,013,BOLOGNA,013,0570
080130130585,VALSAMOGGIA,CM,M,,7,08,EMILIA-ROMAGNA,013,BOLOGNA,013,0585
080130130590,VERGATO,CM,N,,7,08,EMILIA-ROMAGNA,013,BOLOGNA,013,0590
080130130600,ZOLA PREDOSA,CM,M,,7,08,EMILIA-ROMAGNA,013,BOLOGNA,013,0600
080290000000,FERRARA,CR,,,7,08,EMILIA-ROMAGNA,029,FERRARA,000,0000
080290290000,FERRARA,PR,,,7,08,EMILIA-ROMAGNA,029,FERRARA,029,0000
080290290010,ARGENTA,CM,M,,7,08,EMILIA-ROMAGNA,029,FERRARA,029,0010
080290290030,BONDENO,CM,N,,7,08,EMILIA-ROMAGNA,029,FERRARA,029,0030
080290290040,CENTO,CM,M,,7,08,EMILIA-ROMAGNA,029,FERRARA,029,0040
080290290050,CODIGORO,CM,N,,7,08,EMILIA-ROMAGNA,029,FERRARA,029,0050
080290290060,COMACCHIO,CM,M,,7,08,EMILIA-ROMAGNA,029,FERRARA,029,0060
080290290070,COPPARO,CM,M,,7,08,EMILIA-ROMAGNA,029,FERRARA,029,0070
080290290080,FERRARA,CM,M,,7,08,EMILIA-ROMAGNA,029,FERRARA,029,0080
080290290085,FISCAGLIA,CM,N,,7,08,EMILIA-ROMAGNA,029,FERRARA,029,0085
080290290091,GORO,CM,N,,7,08,EMILIA-ROMAGNA,029,FERRARA,029,0091
080290290100,JOLANDA DI SAVOIA,CM,N,,7,08,EMILIA-ROMAGNA,029,FERRARA,029,0100
080290290110,LAGOSANTO,CM,N,,7,08,EMILIA-ROMAGNA,029,FERRARA,029,0110
080290290111,MASI TORELLO,CM,N,,7,08,EMILIA-ROMAGNA,029,FERRARA,029,0111
080290290130,MESOLA,CM,N,,7,08,EMILIA-ROMAGNA,029,FERRARA,029,0130
080290290150,OSTELLATO,CM,N,,7,08,EMILIA-ROMAGNA,029,FERRARA,029,0150
080290290160,POGGIO RENATICO,CM,N,,7,08,EMILIA-ROMAGNA,029,FERRARA,029,0160
080290290170,PORTOMAGGIORE,CM,N,,7,08,EMILIA-ROMAGNA,029,FERRARA,029,0170
080290290175,RIVA DEL PO,CM,N,,7,08,EMILIA-ROMAGNA,029,FERRARA,029,0175
080290290185,TERRE DEL RENO,CM,N,,7,08,EMILIA-ROMAGNA,029,FERRARA,029,0185
080290290195,TRESIGNANA,CM,N,,7,08,EMILIA-ROMAGNA,029,FERRARA,029,0195
080290290200,VIGARANO MAINARDA,CM,N,,7,08,EMILIA-ROMAGNA,029,FERRARA,029,0200
080290290210,VOGHIERA,CM,N,,7,08,EMILIA-ROMAGNA,029,FERRARA,029,0210
080320000000,FORLI'-CESENA,CR,,,7,08,EMILIA-ROMAGNA,032,FORLI'-CESENA,000,0000
080320320000,FORLI'-CESENA,PR,,,7,08,EMILIA-ROMAGNA,032,FORLI'-CESENA,032,0000
080320320010,BAGNO DI ROMAGNA,CM,N,,7,08,EMILIA-ROMAGNA,032,FORLI'-CESENA,032,0010
080320320020,BERTINORO,CM,N,,7,08,EMILIA-ROMAGNA,032,FORLI'-CESENA,032,0020
080320320030,BORGHI,CM,N,,7,08,EMILIA-ROMAGNA,032,FORLI'-CESENA,032,0030
080320320040,CASTROCARO TERME E TERRA DEL SOLE,CM,N,,7,08,EMILIA-ROMAGNA,032,FORLI'-CESENA,032,0040
080320320060,CESENA,CM,M,,7,08,EMILIA-ROMAGNA,032,FORLI'-CESENA,032,0060
080320320070,CESENATICO,CM,M,,7,08,EMILIA-ROMAGNA,032,FORLI'-CESENA,032,0070
080320320080,CIVITELLA DI ROMAGNA,CM,N,,7,08,EMILIA-ROMAGNA,032,FORLI'-CESENA,032,0080
080320320100,DOVADOLA,CM,N,,7,08,EMILIA-ROMAGNA,032,FORLI'-CESENA,032,0100
080320320110,FORLI',CM,M,,7,08,EMILIA-ROMAGNA,032,FORLI'-CESENA,032,0110
080320320120,FORLIMPOPOLI,CM,N,,7,08,EMILIA-ROMAGNA,032,FORLI'-CESENA,032,0120
080320320130,GALEATA,CM,N,,7,08,EMILIA-ROMAGNA,032,FORLI'-CESENA,032,0130
080320320140,GAMBETTOLA,CM,N,,7,08,EMILIA-ROMAGNA,032,FORLI'-CESENA,032,0140
080320320150,GATTEO,CM,N,,7,08,EMILIA-ROMAGNA,032,FORLI'-CESENA,032,0150
080320320170,LONGIANO,CM,N,,7,08,EMILIA-ROMAGNA,032,FORLI'-CESENA,032,0170
080320320180,MELDOLA,CM,N,,7,08,EMILIA-ROMAGNA,032,FORLI'-CESENA,032,0180
080320320190,MERCATO SARACENO,CM,N,,7,08,EMILIA-ROMAGNA,032,FORLI'-CESENA,032,0190
080320320210,MODIGLIANA,CM,N,,7,08,EMILIA-ROMAGNA,032,FORLI'-CESENA,032,0210
080320320270,MONTIANO,CM,N,,7,08,EMILIA-ROMAGNA,032,FORLI'-CESENA,032,0270
080320320300,PORTICO E SAN BENEDETTO,CM,N,,7,08,EMILIA-ROMAGNA,032,FORLI'-CESENA,032,0300
080320320310,PREDAPPIO,CM,N,,7,08,EMILIA-ROMAGNA,032,FORLI'-CESENA,032,0310
080320320320,PREMILCUORE,CM,N,,7,08,EMILIA-ROMAGNA,032,FORLI'-CESENA,032,0320
080320320350,ROCCA SAN CASCIANO,CM,N,,7,08,EMILIA-ROMAGNA,032,FORLI'-CESENA,032,0350
080320320360,RONCOFREDDO,CM,N,,7,08,EMILIA-ROMAGNA,032,FORLI'-CESENA,032,0360
080320320400,SAN MAURO PASCOLI,CM,N,,7,08,EMILIA-ROMAGNA,032,FORLI'-CESENA,032,0400
080320320420,SANTA SOFIA,CM,N,,7,08,EMILIA-ROMAGNA,032,FORLI'-CESENA,032,0420
080320320430,SARSINA,CM,N,,7,08,EMILIA-ROMAGNA,032,FORLI'-CESENA,032,0430
080320320440,SAVIGNANO SUL RUBICONE,CM,M,,7,08,EMILIA-ROMAGNA,032,FORLI'-CESENA,032,0440
080320320450,SOGLIANO AL RUBICONE,CM,N,,7,08,EMILIA-ROMAGNA,032,FORLI'-CESENA,032,0450
080320320480,TREDOZIO,CM,N,,7,08,EMILIA-ROMAGNA,032,FORLI'-CESENA,032,0480
080320320490,VERGHERETO,CM,N,,7,08,EMILIA-ROMAGNA,032,FORLI'-CESENA,032,0490
080500000000,MODENA,CR,,,7,08,EMILIA-ROMAGNA,050,MODENA,000,0000
080500500000,MODENA,PR,,,7,08,EMILIA-ROMAGNA,050,MODENA,050,0000
080500500010,BASTIGLIA,CM,N,,7,08,EMILIA-ROMAGNA,050,MODENA,050,0010
080500500020,BOMPORTO,CM,N,,7,08,EMILIA-ROMAGNA,050,MODENA,050,0020
080500500030,CAMPOGALLIANO,CM,N,,7,08,EMILIA-ROMAGNA,050,MODENA,050,0030
080500500040,CAMPOSANTO,CM,N,,7,08,EMILIA-ROMAGNA,050,MODENA,050,0040
080500500050,CARPI,CM,M,,7,08,EMILIA-ROMAGNA,050,MODENA,050,0050
080500500060,CASTELFRANCO EMILIA,CM,M,,7,08,EMILIA-ROMAGNA,050,MODENA,050,0060
080500500070,CASTELNUOVO RANGONE,CM,M,,7,08,EMILIA-ROMAGNA,050,MODENA,050,0070
080500500080,CASTELVETRO DI MODENA,CM,N,,7,08,EMILIA-ROMAGNA,050,MODENA,050,0080
080500500090,CAVEZZO,CM,N,,7,08,EMILIA-ROMAGNA,050,MODENA,050,0090
080500500100,CONCORDIA SULLA SECCHIA,CM,N,,7,08,EMILIA-ROMAGNA,050,MODENA,050,0100
080500500110,FANANO,CM,N,,7,08,EMILIA-ROMAGNA,050,MODENA,050,0110
080500500120,FINALE EMILIA,CM,N,,7,08,EMILIA-ROMAGNA,050,MODENA,050,0120
080500500130,FIORANO MODENESE,CM,M,,7,08,EMILIA-ROMAGNA,050,MODENA,050,0130
080500500140,FIUMALBO,CM,N,,7,08,EMILIA-ROMAGNA,050,MODENA,050,0140
080500500150,FORMIGINE,CM,M,,7,08,EMILIA-ROMAGNA,050,MODENA,050,0150
080500500160,FRASSINORO,CM,N,,7,08,EMILIA-ROMAGNA,050,MODENA,050,0160
080500500170,GUIGLIA,CM,N,,7,08,EMILIA-ROMAGNA,050,MODENA,050,0170
080500500180,LAMA MOCOGNO,CM,N,,7,08,EMILIA-ROMAGNA,050,MODENA,050,0180
080500500190,MARANELLO,CM,M,,7,08,EMILIA-ROMAGNA,050,MODENA,050,0190
080500500200,MARANO SUL PANARO,CM,N,,7,08,EMILIA-ROMAGNA,050,MODENA,050,0200
080500500210,MEDOLLA,CM,N,,7,08,EMILIA-ROMAGNA,050,MODENA,050,0210
080500500220,MIRANDOLA,CM,M,,7,08,EMILIA-ROMAGNA,050,MODENA,050,0220
080500500230,MODENA,CM,M,,7,08,EMILIA-ROMAGNA,050,MODENA,050,0230
080500500240,MONTECRETO,CM,N,,7,08,EMILIA-ROMAGNA,050,MODENA,050,0240
080500500250,MONTEFIORINO,CM,N,,7,08,EMILIA-ROMAGNA,050,MODENA,050,0250
080500500260,MONTESE,CM,N,,7,08,EMILIA-ROMAGNA,050,MODENA,050,0260
080500500270,NONANTOLA,CM,M,,7,08,EMILIA-ROMAGNA,050,MODENA,050,0270
080500500280,NOVI DI MODENA,CM,N,,7,08,EMILIA-ROMAGNA,050,MODENA,050,0280
080500500281,PALAGANO,CM,N,,7,08,EMILIA-ROMAGNA,050,MODENA,050,0281
080500500290,PAVULLO NEL FRIGNANO,CM,M,,7,08,EMILIA-ROMAGNA,050,MODENA,050,0290
080500500300,PIEVEPELAGO,CM,N,,7,08,EMILIA-ROMAGNA,050,MODENA,050,0300
080500500310,POLINAGO,CM,N,,7,08,EMILIA-ROMAGNA,050,MODENA,050,0310
080500500320,PRIGNANO SULLA SECCHIA,CM,N,,7,08,EMILIA-ROMAGNA,050,MODENA,050,0320
080500500330,RAVARINO,CM,N,,7,08,EMILIA-ROMAGNA,050,MODENA,050,0330
080500500340,RIOLUNATO,CM,N,,7,08,EMILIA-ROMAGNA,050,MODENA,050,0340
080500500350,SAN CESARIO SUL PANARO,CM,N,,7,08,EMILIA-ROMAGNA,050,MODENA,050,0350
080500500360,SAN FELICE SUL PANARO,CM,N,,7,08,EMILIA-ROMAGNA,050,MODENA,050,0360
080500500370,SAN POSSIDONIO,CM,N,,7,08,EMILIA-ROMAGNA,050,MODENA,050,0370
080500500380,SAN PROSPERO,CM,N,,7,08,EMILIA-ROMAGNA,050,MODENA,050,0380
080500500390,SASSUOLO,CM,M,,7,08,EMILIA-ROMAGNA,050,MODENA,050,0390
080500500400,SAVIGNANO SUL PANARO,CM,N,,7,08,EMILIA-ROMAGNA,050,MODENA,050,0400
080500500410,SERRAMAZZONI,CM,N,,7,08,EMILIA-ROMAGNA,050,MODENA,050,0410
080500500420,SESTOLA,CM,N,,7,08,EMILIA-ROMAGNA,050,MODENA,050,0420
080500500430,SOLIERA,CM,M,,7,08,EMILIA-ROMAGNA,050,MODENA,050,0430
080500500440,SPILAMBERTO,CM,N,,7,08,EMILIA-ROMAGNA,050,MODENA,050,0440
080500500450,VIGNOLA,CM,M,,7,08,EMILIA-ROMAGNA,050,MODENA,050,0450
080500500460,ZOCCA,CM,N,,7,08,EMILIA-ROMAGNA,050,MODENA,050,0460
080560000000,PARMA,CR,,,7,08,EMILIA-ROMAGNA,056,PARMA,000,0000
080560560000,PARMA,PR,,,7,08,EMILIA-ROMAGNA,056,PARMA,056,0000
080560560010,ALBARETO,CM,N,,7,08,EMILIA-ROMAGNA,056,PARMA,056,0010
080560560020,BARDI,CM,N,,7,08,EMILIA-ROMAGNA,056,PARMA,056,0020
080560560030,BEDONIA,CM,N,,7,08,EMILIA-ROMAGNA,056,PARMA,056,0030
080560560040,BERCETO,CM,N,,7,08,EMILIA-ROMAGNA,056,PARMA,056,0040
080560560050,BORE,CM,N,,7,08,EMILIA-ROMAGNA,056,PARMA,056,0050
080560560060,BORGO VAL DI TARO,CM,N,,7,08,EMILIA-ROMAGNA,056,PARMA,056,0060
080560560070,BUSSETO,CM,N,,7,08,EMILIA-ROMAGNA,056,PARMA,056,0070
080560560080,CALESTANO,CM,N,,7,08,EMILIA-ROMAGNA,056,PARMA,056,0080
080560560090,COLLECCHIO,CM,N,,7,08,EMILIA-ROMAGNA,056,PARMA,056,0090
080560560100,COLORNO,CM,N,,7,08,EMILIA-ROMAGNA,056,PARMA,056,0100
080560560110,COMPIANO,CM,N,,7,08,EMILIA-ROMAGNA,056,PARMA,056,0110
080560560120,CORNIGLIO,CM,N,,7,08,EMILIA-ROMAGNA,056,PARMA,056,0120
080560560130,FELINO,CM,N,,7,08,EMILIA-ROMAGNA,056,PARMA,056,0130
080560560140,FIDENZA,CM,M,,7,08,EMILIA-ROMAGNA,056,PARMA,056,0140
080560560150,FONTANELLATO,CM,N,,7,08,EMILIA-ROMAGNA,056,PARMA,056,0150
080560560160,FONTEVIVO,CM,N,,7,08,EMILIA-ROMAGNA,056,PARMA,056,0160
080560560170,FORNOVO DI TARO,CM,N,,7,08,EMILIA-ROMAGNA,056,PARMA,056,0170
080560560180,LANGHIRANO,CM,N,,7,08,EMILIA-ROMAGNA,056,PARMA,056,0180
080560560190,LESIGNANO DE' BAGNI,CM,N,,7,08,EMILIA-ROMAGNA,056,PARMA,056,0190
080560560200,MEDESANO,CM,N,,7,08,EMILIA-ROMAGNA,056,PARMA,056,0200
080560560220,MONCHIO DELLE CORTI,CM,N,,7,08,EMILIA-ROMAGNA,056,PARMA,056,0220
080560560230,MONTECHIARUGOLO,CM,N,,7,08,EMILIA-ROMAGNA,056,PARMA,056,0230
080560560240,NEVIANO DEGLI ARDUINI,CM,N,,7,08,EMILIA-ROMAGNA,056,PARMA,056,0240
080560560250,NOCETO,CM,N,,7,08,EMILIA-ROMAGNA,056,PARMA,056,0250
080560560260,PALANZANO,CM,N,,7,08,EMILIA-ROMAGNA,056,PARMA,056,0260
080560560270,PARMA,CM,M,,7,08,EMILIA-ROMAGNA,056,PARMA,056,0270
080560560280,PELLEGRINO PARMENSE,CM,N,,7,08,EMILIA-ROMAGNA,056,PARMA,056,0280
080560560291,POLESINE ZIBELLO,CM,N,,7,08,EMILIA-ROMAGNA,056,PARMA,056,0291
080560560300,ROCCABIANCA,CM,N,,7,08,EMILIA-ROMAGNA,056,PARMA,056,0300
080560560310,SALA BAGANZA,CM,N,,7,08,EMILIA-ROMAGNA,056,PARMA,056,0310
080560560320,SALSOMAGGIORE TERME,CM,M,,7,08,EMILIA-ROMAGNA,056,PARMA,056,0320
080560560330,SAN SECONDO PARMENSE,CM,N,,7,08,EMILIA-ROMAGNA,056,PARMA,056,0330
080560560345,SISSA TRECASALI,CM,N,,7,08,EMILIA-ROMAGNA,056,PARMA,056,0345
080560560350,SOLIGNANO,CM,N,,7,08,EMILIA-ROMAGNA,056,PARMA,056,0350
080560560360,SORAGNA,CM,N,,7,08,EMILIA-ROMAGNA,056,PARMA,056,0360
080560560375,SORBOLO MEZZANI,CM,N,,7,08,EMILIA-ROMAGNA,056,PARMA,056,0375
080560560380,TERENZO,CM,N,,7,08,EMILIA-ROMAGNA,056,PARMA,056,0380
080560560390,TIZZANO VAL PARMA,CM,N,,7,08,EMILIA-ROMAGNA,056,PARMA,056,0390
080560560400,TORNOLO,CM,N,,7,08,EMILIA-ROMAGNA,056,PARMA,056,0400
080560560410,TORRILE,CM,N,,7,08,EMILIA-ROMAGNA,056,PARMA,056,0410
080560560420,TRAVERSETOLO,CM,N,,7,08,EMILIA-ROMAGNA,056,PARMA,056,0420
080560560440,VALMOZZOLA,CM,N,,7,08,EMILIA-ROMAGNA,056,PARMA,056,0440
080560560450,VARANO DE' MELEGARI,CM,N,,7,08,EMILIA-ROMAGNA,056,PARMA,056,0450
080560560460,VARSI,CM,N,,7,08,EMILIA-ROMAGNA,056,PARMA,056,0460
080610000000,PIACENZA,CR,,,7,08,EMILIA-ROMAGNA,061,PIACENZA,000,0000
080610610000,PIACENZA,PR,,,7,08,EMILIA-ROMAGNA,061,PIACENZA,061,0000
080610610010,AGAZZANO,CM,N,,7,08,EMILIA-ROMAGNA,061,PIACENZA,061,0010
080610610020,ALSENO,CM,N,,7,08,EMILIA-ROMAGNA,061,PIACENZA,061,0020
080610610025,ALTA VAL TIDONE,CM,N,,7,08,EMILIA-ROMAGNA,061,PIACENZA,061,0025
080610610030,BESENZONE,CM,N,,7,08,EMILIA-ROMAGNA,061,PIACENZA,061,0030
080610610040,BETTOLA,CM,N,,7,08,EMILIA-ROMAGNA,061,PIACENZA,061,0040
080610610050,BOBBIO,CM,N,,7,08,EMILIA-ROMAGNA,061,PIACENZA,061,0050
080610610060,BORGONOVO VAL TIDONE,CM,N,,7,08,EMILIA-ROMAGNA,061,PIACENZA,061,0060
080610610070,CADEO,CM,N,,7,08,EMILIA-ROMAGNA,061,PIACENZA,061,0070
080610610080,CALENDASCO,CM,N,,7,08,EMILIA-ROMAGNA,061,PIACENZA,061,0080
080610610100,CAORSO,CM,N,,7,08,EMILIA-ROMAGNA,061,PIACENZA,061,0100
080610610110,CARPANETO PIACENTINO,CM,N,,7,08,EMILIA-ROMAGNA,061,PIACENZA,061,0110
080610610120,CASTELL'ARQUATO,CM,N,,7,08,EMILIA-ROMAGNA,061,PIACENZA,061,0120
080610610130,CASTEL SAN GIOVANNI,CM,N,,7,08,EMILIA-ROMAGNA,061,PIACENZA,061,0130
080610610140,CASTELVETRO PIACENTINO,CM,N,,7,08,EMILIA-ROMAGNA,061,PIACENZA,061,0140
080610610150,CERIGNALE,CM,N,,7,08,EMILIA-ROMAGNA,061,PIACENZA,061,0150
080610610160,COLI,CM,N,,7,08,EMILIA-ROMAGNA,061,PIACENZA,061,0160
080610610170,CORTE BRUGNATELLA,CM,N,,7,08,EMILIA-ROMAGNA,061,PIACENZA,061,0170
080610610180,CORTEMAGGIORE,CM,N,,7,08,EMILIA-ROMAGNA,061,PIACENZA,061,0180
080610610190,FARINI,CM,N,,7,08,EMILIA-ROMAGNA,061,PIACENZA,061,0190
080610610200,FERRIERE,CM,N,,7,08,EMILIA-ROMAGNA,061,PIACENZA,061,0200
080610610210,FIORENZUOLA D'ARDA,CM,N,,7,08,EMILIA-ROMAGNA,061,PIACENZA,061,0210
080610610220,GAZZOLA,CM,N,,7,08,EMILIA-ROMAGNA,061,PIACENZA,061,0220
080610610230,GOSSOLENGO,CM,N,,7,08,EMILIA-ROMAGNA,061,PIACENZA,061,0230
080610610240,GRAGNANO TREBBIENSE,CM,N,,7,08,EMILIA-ROMAGNA,061,PIACENZA,061,0240
080610610250,GROPPARELLO,CM,N,,7,08,EMILIA-ROMAGNA,061,PIACENZA,061,0250
080610610260,LUGAGNANO VAL D'ARDA,CM,N,,7,08,EMILIA-ROMAGNA,061,PIACENZA,061,0260
080610610270,MONTICELLI D'ONGINA,CM,N,,7,08,EMILIA-ROMAGNA,061,PIACENZA,061,0270
080610610280,MORFASSO,CM,N,,7,08,EMILIA-ROMAGNA,061,PIACENZA,061,0280
080610610300,OTTONE,CM,N,,7,08,EMILIA-ROMAGNA,061,PIACENZA,061,0300
080610610320,PIACENZA,CM,M,,7,08,EMILIA-ROMAGNA,061,PIACENZA,061,0320
080610610330,PIANELLO VAL TIDONE,CM,N,,7,08,EMILIA-ROMAGNA,061,PIACENZA,061,0330
080610610340,PIOZZANO,CM,N,,7,08,EMILIA-ROMAGNA,061,PIACENZA,061,0340
080610610350,PODENZANO,CM,N,,7,08,EMILIA-ROMAGNA,061,PIACENZA,061,0350
080610610360,PONTE DELL'OLIO,CM,N,,7,08,EMILIA-ROMAGNA,061,PIACENZA,061,0360
080610610370,PONTENURE,CM,N,,7,08,EMILIA-ROMAGNA,061,PIACENZA,061,0370
080610610380,RIVERGARO,CM,N,,7,08,EMILIA-ROMAGNA,061,PIACENZA,061,0380
080610610390,ROTTOFRENO,CM,N,,7,08,EMILIA-ROMAGNA,061,PIACENZA,061,0390
080610610400,SAN GIORGIO PIACENTINO,CM,N,,7,08,EMILIA-ROMAGNA,061,PIACENZA,061,0400
080610610410,SAN PIETRO IN CERRO,CM,N,,7,08,EMILIA-ROMAGNA,061,PIACENZA,061,0410
080610610420,SARMATO,CM,N,,7,08,EMILIA-ROMAGNA,061,PIACENZA,061,0420
080610610430,TRAVO,CM,N,,7,08,EMILIA-ROMAGNA,061,PIACENZA,061,0430
080610610440,VERNASCA,CM,N,,7,08,EMILIA-ROMAGNA,061,PIACENZA,061,0440
080610610450,VIGOLZONE,CM,N,,7,08,EMILIA-ROMAGNA,061,PIACENZA,061,0450
080610610460,VILLANOVA SULL'ARDA,CM,N,,7,08,EMILIA-ROMAGNA,061,PIACENZA,061,0460
080610610470,ZERBA,CM,N,,7,08,EMILIA-ROMAGNA,061,PIACENZA,061,0470
080610610480,ZIANO PIACENTINO,CM,N,,7,08,EMILIA-ROMAGNA,061,PIACENZA,061,0480
080660000000,RAVENNA,CR,,,7,08,EMILIA-ROMAGNA,066,RAVENNA,000,0000
080660660000,RAVENNA,PR,,,7,08,EMILIA-ROMAGNA,066,RAVENNA,066,0000
080660660010,ALFONSINE,CM,N,,7,08,EMILIA-ROMAGNA,066,RAVENNA,066,0010
080660660020,BAGNACAVALLO,CM,M,,7,08,EMILIA-ROMAGNA,066,RAVENNA,066,0020
080660660030,BAGNARA DI ROMAGNA,CM,N,,7,08,EMILIA-ROMAGNA,066,RAVENNA,066,0030
080660660040,BRISIGHELLA,CM,N,,7,08,EMILIA-ROMAGNA,066,RAVENNA,066,0040
080660660050,CASOLA VALSENIO,CM,N,,7,08,EMILIA-ROMAGNA,066,RAVENNA,066,0050
080660660060,CASTEL BOLOGNESE,CM,N,,7,08,EMILIA-ROMAGNA,066,RAVENNA,066,0060
080660660070,CERVIA,CM,M,,7,08,EMILIA-ROMAGNA,066,RAVENNA,066,0070
080660660080,CONSELICE,CM,N,,7,08,EMILIA-ROMAGNA,066,RAVENNA,066,0080
080660660090,COTIGNOLA,CM,N,,7,08,EMILIA-ROMAGNA,066,RAVENNA,066,0090
080660660100,FAENZA,CM,M,,7,08,EMILIA-ROMAGNA,066,RAVENNA,066,0100
080660660110,FUSIGNANO,CM,N,,7,08,EMILIA-ROMAGNA,066,RAVENNA,066,0110
080660660120,LUGO,CM,M,,7,08,EMILIA-ROMAGNA,066,RAVENNA,066,0120
080660660130,MASSA LOMBARDA,CM,N,,7,08,EMILIA-ROMAGNA,066,RAVENNA,066,0130
080660660140,RAVENNA,CM,M,,7,08,EMILIA-ROMAGNA,066,RAVENNA,066,0140
080660660150,RIOLO TERME,CM,N,,7,08,EMILIA-ROMAGNA,066,RAVENNA,066,0150
080660660160,RUSSI,CM,N,,7,08,EMILIA-ROMAGNA,066,RAVENNA,066,0160
080660660170,SANT'AGATA SUL SANTERNO,CM,N,,7,08,EMILIA-ROMAGNA,066,RAVENNA,066,0170
080660660180,SOLAROLO,CM,N,,7,08,EMILIA-ROMAGNA,066,RAVENNA,066,0180
080680000000,REGGIO NELL'EMILIA,CR,,,7,08,EMILIA-ROMAGNA,068,REGGIO NELL'EMILIA,000,0000
080680680000,REGGIO NELL'EMILIA,PR,,,7,08,EMILIA-ROMAGNA,068,REGGIO NELL'EMILIA,068,0000
080680680010,ALBINEA,CM,N,,7,08,EMILIA-ROMAGNA,068,REGGIO NELL'EMILIA,068,0010
080680680020,BAGNOLO IN PIANO,CM,N,,7,08,EMILIA-ROMAGNA,068,REGGIO NELL'EMILIA,068,0020
080680680030,BAISO,CM,N,,7,08,EMILIA-ROMAGNA,068,REGGIO NELL'EMILIA,068,0030
080680680040,BIBBIANO,CM,N,,7,08,EMILIA-ROMAGNA,068,REGGIO NELL'EMILIA,068,0040
080680680050,BORETTO,CM,N,,7,08,EMILIA-ROMAGNA,068,REGGIO NELL'EMILIA,068,0050
080680680060,BRESCELLO,CM,N,,7,08,EMILIA-ROMAGNA,068,REGGIO NELL'EMILIA,068,0060
080680680080,CADELBOSCO DI SOPRA,CM,N,,7,08,EMILIA-ROMAGNA,068,REGGIO NELL'EMILIA,068,0080
080680680090,CAMPAGNOLA EMILIA,CM,N,,7,08,EMILIA-ROMAGNA,068,REGGIO NELL'EMILIA,068,0090
080680680100,CAMPEGINE,CM,N,,7,08,EMILIA-ROMAGNA,068,REGGIO NELL'EMILIA,068,0100
080680680110,CARPINETI,CM,N,,7,08,EMILIA-ROMAGNA,068,REGGIO NELL'EMILIA,068,0110
080680680120,CASALGRANDE,CM,M,,7,08,EMILIA-ROMAGNA,068,REGGIO NELL'EMILIA,068,0120
080680680130,CASINA,CM,N,,7,08,EMILIA-ROMAGNA,068,REGGIO NELL'EMILIA,068,0130
080680680140,CASTELLARANO,CM,M,,7,08,EMILIA-ROMAGNA,068,REGGIO NELL'EMILIA,068,0140
080680680150,CASTELNOVO DI SOTTO,CM,N,,7,08,EMILIA-ROMAGNA,068,REGGIO NELL'EMILIA,068,0150
080680680160,CASTELNOVO NE' MONTI,CM,N,,7,08,EMILIA-ROMAGNA,068,REGGIO NELL'EMILIA,068,0160
080680680170,CAVRIAGO,CM,N,,7,08,EMILIA-ROMAGNA,068,REGGIO NELL'EMILIA,068,0170
080680680180,CANOSSA,CM,N,,7,08,EMILIA-ROMAGNA,068,REGGIO NELL'EMILIA,068,0180
080680680200,CORREGGIO,CM,M,,7,08,EMILIA-ROMAGNA,068,REGGIO NELL'EMILIA,068,0200
080680680210,FABBRICO,CM,N,,7,08,EMILIA-ROMAGNA,068,REGGIO NELL'EMILIA,068,0210
080680680220,GATTATICO,CM,N,,7,08,EMILIA-ROMAGNA,068,REGGIO NELL'EMILIA,068,0220
080680680230,GUALTIERI,CM,N,,7,08,EMILIA-ROMAGNA,068,REGGIO NELL'EMILIA,068,0230
080680680240,GUASTALLA,CM,N,,7,08,EMILIA-ROMAGNA,068,REGGIO NELL'EMILIA,068,0240
080680680260,LUZZARA,CM,N,,7,08,EMILIA-ROMAGNA,068,REGGIO NELL'EMILIA,068,0260
080680680270,MONTECCHIO EMILIA,CM,N,,7,08,EMILIA-ROMAGNA,068,REGGIO NELL'EMILIA,068,0270
080680680280,NOVELLARA,CM,N,,7,08,EMILIA-ROMAGNA,068,REGGIO NELL'EMILIA,068,0280
080680680290,POVIGLIO,CM,N,,7,08,EMILIA-ROMAGNA,068,REGGIO NELL'EMILIA,068,0290
080680680300,QUATTRO CASTELLA,CM,N,,7,08,EMILIA-ROMAGNA,068,REGGIO NELL'EMILIA,068,0300
080680680320,REGGIOLO,CM,N,,7,08,EMILIA-ROMAGNA,068,REGGIO NELL'EMILIA,068,0320
080680680330,REGGIO NELL'EMILIA,CM,M,,7,08,EMILIA-ROMAGNA,068,REGGIO NELL'EMILIA,068,0330
080680680340,RIO SALICETO,CM,N,,7,08,EMILIA-ROMAGNA,068,REGGIO NELL'EMILIA,068,0340
080680680350,ROLO,CM,N,,7,08,EMILIA-ROMAGNA,068,REGGIO NELL'EMILIA,068,0350
080680680360,RUBIERA,CM,N,,7,08,EMILIA-ROMAGNA,068,REGGIO NELL'EMILIA,068,0360
080680680370,SAN MARTINO IN RIO,CM,N,,7,08,EMILIA-ROMAGNA,068,REGGIO NELL'EMILIA,068,0370
080680680380,SAN POLO D'ENZA,CM,N,,7,08,EMILIA-ROMAGNA,068,REGGIO NELL'EMILIA,068,0380
080680680390,SANT'ILARIO D'ENZA,CM,N,,7,08,EMILIA-ROMAGNA,068,REGGIO NELL'EMILIA,068,0390
080680680400,SCANDIANO,CM,M,,7,08,EMILIA-ROMAGNA,068,REGGIO NELL'EMILIA,068,0400
080680680410,TOANO,CM,N,,7,08,EMILIA-ROMAGNA,068,REGGIO NELL'EMILIA,068,0410
080680680415,VENTASSO,CM,N,,7,08,EMILIA-ROMAGNA,068,REGGIO NELL'EMILIA,068,0415
080680680420,VETTO,CM,N,,7,08,EMILIA-ROMAGNA,068,REGGIO NELL'EMILIA,068,0420
080680680430,VEZZANO SUL CROSTOLO,CM,N,,7,08,EMILIA-ROMAGNA,068,REGGIO NELL'EMILIA,068,0430
080680680440,VIANO,CM,N,,7,08,EMILIA-ROMAGNA,068,REGGIO NELL'EMILIA,068,0440
080680680450,VILLA MINOZZO,CM,N,,7,08,EMILIA-ROMAGNA,068,REGGIO NELL'EMILIA,068,0450
081010000000,RIMINI,CR,,,7,08,EMILIA-ROMAGNA,101,RIMINI,000,0000
081011010000,RIMINI,PR,,,7,08,EMILIA-ROMAGNA,101,RIMINI,101,0000
081011010010,BELLARIA-IGEA MARINA,CM,M,,7,08,EMILIA-ROMAGNA,101,RIMINI,101,0010
081011010015,CASTELDELCI,CM,N,,7,08,EMILIA-ROMAGNA,101,RIMINI,101,0015
081011010020,CATTOLICA,CM,M,,7,08,EMILIA-ROMAGNA,101,RIMINI,101,0020
081011010030,CORIANO,CM,N,,7,08,EMILIA-ROMAGNA,101,RIMINI,101,0030
081011010040,GEMMANO,CM,N,,7,08,EMILIA-ROMAGNA,101,RIMINI,101,0040
081011010045,MAIOLO,CM,N,,7,08,EMILIA-ROMAGNA,101,RIMINI,101,0045
081011010050,MISANO ADRIATICO,CM,N,,7,08,EMILIA-ROMAGNA,101,RIMINI,101,0050
081011010060,MONDAINO,CM,N,,7,08,EMILIA-ROMAGNA,101,RIMINI,101,0060
081011010072,MONTECOPIOLO,CM,N,,7,08,EMILIA-ROMAGNA,101,RIMINI,101,0072
081011010080,MONTEFIORE CONCA,CM,N,,7,08,EMILIA-ROMAGNA,101,RIMINI,101,0080
081011010090,MONTEGRIDOLFO,CM,N,,7,08,EMILIA-ROMAGNA,101,RIMINI,101,0090
081011010101,MONTESCUDO - MONTE COLOMBO,CM,N,,7,08,EMILIA-ROMAGNA,101,RIMINI,101,0101
081011010110,MORCIANO DI ROMAGNA,CM,N,,7,08,EMILIA-ROMAGNA,101,RIMINI,101,0110
081011010115,NOVAFELTRIA,CM,N,,7,08,EMILIA-ROMAGNA,101,RIMINI,101,0115
081011010116,PENNABILLI,CM,N,,7,08,EMILIA-ROMAGNA,101,RIMINI,101,0116
081011010125,POGGIO TORRIANA,CM,N,,7,08,EMILIA-ROMAGNA,101,RIMINI,101,0125
081011010130,RICCIONE,CM,M,,7,08,EMILIA-ROMAGNA,101,RIMINI,101,0130
081011010140,RIMINI,CM,M,,7,08,EMILIA-ROMAGNA,101,RIMINI,101,0140
081011010150,SALUDECIO,CM,N,,7,08,EMILIA-ROMAGNA,101,RIMINI,101,0150
081011010160,SAN CLEMENTE,CM,N,,7,08,EMILIA-ROMAGNA,101,RIMINI,101,0160
081011010170,SAN GIOVANNI IN MARIGNANO,CM,N,,7,08,EMILIA-ROMAGNA,101,RIMINI,101,0170
081011010175,SAN LEO,CM,N,,7,08,EMILIA-ROMAGNA,101,RIMINI,101,0175
081011010176,SANT'AGATA FELTRIA,CM,N,,7,08,EMILIA-ROMAGNA,101,RIMINI,101,0176
081011010180,SANTARCANGELO DI ROMAGNA,CM,M,,7,08,EMILIA-ROMAGNA,101,RIMINI,101,0180
081011010183,SASSOFELTRIO,CM,N,,7,08,EMILIA-ROMAGNA,101,RIMINI,101,0183
081011010185,TALAMELLO,CM,N,,7,08,EMILIA-ROMAGNA,101,RIMINI,101,0185
081011010200,VERUCCHIO,CM,N,,7,08,EMILIA-ROMAGNA,101,RIMINI,101,0200
100000000000,UMBRIA,RE,,,7,10,UMBRIA,000,Unknown,000,0000
103040000000,CIRCOSCRIZIONE UMBRIA,CR,,,7,10,UMBRIA,304,TERNI,000,0000
103040580000,PERUGIA,PR,,,7,10,UMBRIA,304,TERNI,058,0000
103040580010,ASSISI,CM,M,,7,10,UMBRIA,304,TERNI,058,0010
103040580020,BASTIA UMBRA,CM,M,,7,10,UMBRIA,304,TERNI,058,0020
103040580030,BETTONA,CM,N,,7,10,UMBRIA,304,TERNI,058,0030
103040580040,BEVAGNA,CM,N,,7,10,UMBRIA,304,TERNI,058,0040
103040580050,CAMPELLO SUL CLITUNNO,CM,N,,7,10,UMBRIA,304,TERNI,058,0050
103040580060,CANNARA,CM,N,,7,10,UMBRIA,304,TERNI,058,0060
103040580070,CASCIA,CM,N,,7,10,UMBRIA,304,TERNI,058,0070
103040580080,CASTEL RITALDI,CM,N,,7,10,UMBRIA,304,TERNI,058,0080
103040580090,CASTIGLIONE DEL LAGO,CM,M,,7,10,UMBRIA,304,TERNI,058,0090
103040580100,CERRETO DI SPOLETO,CM,N,,7,10,UMBRIA,304,TERNI,058,0100
103040580110,CITERNA,CM,N,,7,10,UMBRIA,304,TERNI,058,0110
103040580120,CITTA' DELLA PIEVE,CM,N,,7,10,UMBRIA,304,TERNI,058,0120
103040580130,CITTA' DI CASTELLO,CM,M,,7,10,UMBRIA,304,TERNI,058,0130
103040580140,COLLAZZONE,CM,N,,7,10,UMBRIA,304,TERNI,058,0140
103040580150,CORCIANO,CM,M,,7,10,UMBRIA,304,TERNI,058,0150
103040580160,COSTACCIARO,CM,N,,7,10,UMBRIA,304,TERNI,058,0160
103040580170,DERUTA,CM,N,,7,10,UMBRIA,304,TERNI,058,0170
103040580180,FOLIGNO,CM,M,,7,10,UMBRIA,304,TERNI,058,0180
103040580190,FOSSATO DI VICO,CM,N,,7,10,UMBRIA,304,TERNI,058,0190
103040580200,FRATTA TODINA,CM,N,,7,10,UMBRIA,304,TERNI,058,0200
103040580210,GIANO DELL'UMBRIA,CM,N,,7,10,UMBRIA,304,TERNI,058,0210
103040580220,GUALDO CATTANEO,CM,N,,7,10,UMBRIA,304,TERNI,058,0220
103040580230,GUALDO TADINO,CM,N,,7,10,UMBRIA,304,TERNI,058,0230
103040580240,GUBBIO,CM,M,,7,10,UMBRIA,304,TERNI,058,0240
103040580250,LISCIANO NICCONE,CM,N,,7,10,UMBRIA,304,TERNI,058,0250
103040580260,MAGIONE,CM,N,,7,10,UMBRIA,304,TERNI,058,0260
103040580270,MARSCIANO,CM,M,,7,10,UMBRIA,304,TERNI,058,0270
103040580280,MASSA MARTANA,CM,N,,7,10,UMBRIA,304,TERNI,058,0280
103040580290,MONTE CASTELLO DI VIBIO,CM,N,,7,10,UMBRIA,304,TERNI,058,0290
103040580300,MONTEFALCO,CM,N,,7,10,UMBRIA,304,TERNI,058,0300
103040580310,MONTELEONE DI SPOLETO,CM,N,,7,10,UMBRIA,304,TERNI,058,0310
103040580320,MONTE SANTA MARIA TIBERINA,CM,N,,7,10,UMBRIA,304,TERNI,058,0320
103040580330,MONTONE,CM,N,,7,10,UMBRIA,304,TERNI,058,0330
103040580340,NOCERA UMBRA,CM,N,,7,10,UMBRIA,304,TERNI,058,0340
103040580350,NORCIA,CM,N,,7,10,UMBRIA,304,TERNI,058,0350
103040580360,PACIANO,CM,N,,7,10,UMBRIA,304,TERNI,058,0360
103040580370,PANICALE,CM,N,,7,10,UMBRIA,304,TERNI,058,0370
103040580380,PASSIGNANO SUL TRASIMENO,CM,N,,7,10,UMBRIA,304,TERNI,058,0380
103040580390,PERUGIA,CM,M,,7,10,UMBRIA,304,TERNI,058,0390
103040580400,PIEGARO,CM,N,,7,10,UMBRIA,304,TERNI,058,0400
103040580410,PIETRALUNGA,CM,N,,7,10,UMBRIA,304,TERNI,058,0410
103040580420,POGGIODOMO,CM,N,,7,10,UMBRIA,304,TERNI,058,0420
103040580430,PRECI,CM,N,,7,10,UMBRIA,304,TERNI,058,0430
103040580440,SAN GIUSTINO,CM,N,,7,10,UMBRIA,304,TERNI,058,0440
103040580450,SANT'ANATOLIA DI NARCO,CM,N,,7,10,UMBRIA,304,TERNI,058,0450
103040580460,SCHEGGIA E PASCELUPO,CM,N,,7,10,UMBRIA,304,TERNI,058,0460
103040580470,SCHEGGINO,CM,N,,7,10,UMBRIA,304,TERNI,058,0470
103040580480,SELLANO,CM,N,,7,10,UMBRIA,304,TERNI,058,0480
103040580490,SIGILLO,CM,N,,7,10,UMBRIA,304,TERNI,058,0490
103040580500,SPELLO,CM,N,,7,10,UMBRIA,304,TERNI,058,0500
103040580510,SPOLETO,CM,M,,7,10,UMBRIA,304,TERNI,058,0510
103040580520,TODI,CM,M,,7,10,UMBRIA,304,TERNI,058,0520
103040580530,TORGIANO,CM,N,,7,10,UMBRIA,304,TERNI,058,0530
103040580540,TREVI,CM,N,,7,10,UMBRIA,304,TERNI,058,0540
103040580550,TUORO SUL TRASIMENO,CM,N,,7,10,UMBRIA,304,TERNI,058,0550
103040580560,UMBERTIDE,CM,M,,7,10,UMBRIA,304,TERNI,058,0560
103040580570,VALFABBRICA,CM,N,,7,10,UMBRIA,304,TERNI,058,0570
103040580580,VALLO DI NERA,CM,N,,7,10,UMBRIA,304,TERNI,058,0580
103040580590,VALTOPINA,CM,N,,7,10,UMBRIA,304,TERNI,058,0590
103040800000,TERNI,PR,,,7,10,UMBRIA,304,TERNI,080,0000
103040800010,ACQUASPARTA,CM,N,,7,10,UMBRIA,304,TERNI,080,0010
103040800020,ALLERONA,CM,N,,7,10,UMBRIA,304,TERNI,080,0020
103040800030,ALVIANO,CM,N,,7,10,UMBRIA,304,TERNI,080,0030
103040800040,AMELIA,CM,N,,7,10,UMBRIA,304,TERNI,080,0040
103040800050,ARRONE,CM,N,,7,10,UMBRIA,304,TERNI,080,0050
103040800060,ATTIGLIANO,CM,N,,7,10,UMBRIA,304,TERNI,080,0060
103040800061,AVIGLIANO UMBRO,CM,N,,7,10,UMBRIA,304,TERNI,080,0061
103040800070,BASCHI,CM,N,,7,10,UMBRIA,304,TERNI,080,0070
103040800080,CALVI DELL'UMBRIA,CM,N,,7,10,UMBRIA,304,TERNI,080,0080
103040800090,CASTEL GIORGIO,CM,N,,7,10,UMBRIA,304,TERNI,080,0090
103040800100,CASTEL VISCARDO,CM,N,,7,10,UMBRIA,304,TERNI,080,0100
103040800110,FABRO,CM,N,,7,10,UMBRIA,304,TERNI,080,0110
103040800120,FERENTILLO,CM,N,,7,10,UMBRIA,304,TERNI,080,0120
103040800130,FICULLE,CM,N,,7,10,UMBRIA,304,TERNI,080,0130
103040800140,GIOVE,CM,N,,7,10,UMBRIA,304,TERNI,080,0140
103040800150,GUARDEA,CM,N,,7,10,UMBRIA,304,TERNI,080,0150
103040800160,LUGNANO IN TEVERINA,CM,N,,7,10,UMBRIA,304,TERNI,080,0160
103040800170,MONTECASTRILLI,CM,N,,7,10,UMBRIA,304,TERNI,080,0170
103040800180,MONTECCHIO,CM,N,,7,10,UMBRIA,304,TERNI,080,0180
103040800190,MONTEFRANCO,CM,N,,7,10,UMBRIA,304,TERNI,080,0190
103040800200,MONTEGABBIONE,CM,N,,7,10,UMBRIA,304,TERNI,080,0200
103040800210,MONTELEONE D'ORVIETO,CM,N,,7,10,UMBRIA,304,TERNI,080,0210
103040800220,NARNI,CM,M,,7,10,UMBRIA,304,TERNI,080,0220
103040800230,ORVIETO,CM,M,,7,10,UMBRIA,304,TERNI,080,0230
103040800240,OTRICOLI,CM,N,,7,10,UMBRIA,304,TERNI,080,0240
103040800250,PARRANO,CM,N,,7,10,UMBRIA,304,TERNI,080,0250
103040800260,PENNA IN TEVERINA,CM,N,,7,10,UMBRIA,304,TERNI,080,0260
103040800270,POLINO,CM,N,,7,10,UMBRIA,304,TERNI,080,0270
103040800280,PORANO,CM,N,,7,10,UMBRIA,304,TERNI,080,0280
103040800290,SAN GEMINI,CM,N,,7,10,UMBRIA,304,TERNI,080,0290
103040800300,SAN VENANZO,CM,N,,7,10,UMBRIA,304,TERNI,080,0300
103040800310,STRONCONE,CM,N,,7,10,UMBRIA,304,TERNI,080,0310
103040800320,TERNI,CM,M,,7,10,UMBRIA,304,TERNI,080,0320
