comune,provincia,regione,url,PARTITO DEMOCRATICO ANDREA ORLANDO PRESIDENTE,PARTITO DEMOCRATICO ANDREA ORLANDO PRESIDENTE_perc,LISTA ANDREA ORLANDO PRESIDENTE,LISTA ANDREA ORLANDO PRESIDENTE_perc,ALLEANZA VERDI E SINISTRA - LISTA SANSA - POSSIBILE - EUROPA VERDE - SINISTRA ITALIANA,ALLEANZA VERDI E SINISTRA - LISTA SANSA - POSSIBILE - EUROPA VERDE - SINISTRA ITALIANA_perc,MOVIMENTO 5 STELLE 2050,MOVIMENTO 5 STELLE 2050_perc,PATTO CIVICO E RIFORMISTA PER ORLANDO - AZIONE CON CALENDA - PRI - REPUBBLICANI EUROPEI - PER - ALLEANZA CIVICA LIGURIA,PATTO CIVICO E RIFORMISTA PER ORLANDO - AZIONE CON CALENDA - PRI - REPUBBLICANI EUROPEI - PER - ALLEANZA CIVICA LIGURIA_perc,LIGURI A TESTA ALTA ORLANDO PRESIDENTE,LIGURI A TESTA ALTA ORLANDO PRESIDENTE_perc,GIORGIA MELONI PER BUCCI PRESIDENTE FRATELLI D'ITALIA,GIORGIA MELONI PER BUCCI PRESIDENTE FRATELLI D'ITALIA_perc,ORGOGLIO LIGURIA BUCCI PRESIDENTE,ORGOGLIO LIGURIA BUCCI PRESIDENTE_perc,BUCCI PRESIDENTE VINCE LIGURIA,BUCCI PRESIDENTE VINCE LIGURIA_perc,LEGA LIGURIA BUCCI PRESIDENTE,LEGA LIGURIA BUCCI PRESIDENTE_perc,FORZA ITALIA BERLUSCONI BUCCI PRESIDENTE PPE,FORZA ITALIA BERLUSCONI BUCCI PRESIDENTE PPE_perc,BUCCI LIBERTAS UDC,BUCCI LIBERTAS UDC_perc,ALTERNATIVA POPOLARE CON BANDECCHI PER BUCCI PPE,ALTERNATIVA POPOLARE CON BANDECCHI PER BUCCI PPE_perc,UNITI PER LA COSTITUZIONE,UNITI PER LA COSTITUZIONE_perc,DEMOCRAZIA SOVRANA POPOLARE,DEMOCRAZIA SOVRANA POPOLARE_perc,PER L'ALTERNATIVA - POTERE AL POPOLO! - PCI - RIFONDAZIONE PARTITO COMUNISTA SINISTRA EUROPEA,PER L'ALTERNATIVA - POTERE AL POPOLO! - PCI - RIFONDAZIONE PARTITO COMUNISTA SINISTRA EUROPEA_perc,FORZA DEL POPOLO,FORZA DEL POPOLO_perc,PARTITO COMUNISTA DEI LAVORATORI,PARTITO COMUNISTA DEI LAVORATORI_perc,INDIPENDENZA! ALEMANNO PER ROSSON,INDIPENDENZA! ALEMANNO PER ROSSON_perc,PARTITO POPOLARE DEL NORD AUTONOMIA E LIBERTA',PARTITO POPOLARE DEL NORD AUTONOMIA E LIBERTA'_perc,ANDREA ORLANDO_total_votes,ANDREA ORLANDO_total_perc,MARCO BUCCI_total_votes,MARCO BUCCI_total_perc,NICOLA MORRA_total_votes,NICOLA MORRA_total_perc,FRANCESCO TOSCANO_total_votes,FRANCESCO TOSCANO_total_perc,NICOLA ROLLANDO_total_votes,NICOLA ROLLANDO_total_perc,DAVIDE FELICE_total_votes,DAVIDE FELICE_total_perc,MARCO GIUSEPPE FERRANDO_total_votes,MARCO GIUSEPPE FERRANDO_total_perc,ALESSANDRO ROSSON_total_votes,ALESSANDRO ROSSON_total_perc,MARIA ANTONIETTA CELLA_total_votes,MARIA ANTONIETTA CELLA_total_perc,,None_perc
Arenzano,Genova,Liguria,https://elezioni.interno.gov.it/risultati/20241117/regionali/scrutini/italia/070340010,1529,"28,56",677,"12,65",239,"4,46",198,"3,70",97,"1,81",87,"1,63",637,"11,90",621,"11,60",489,"9,14",361,"6,74",200,"3,74",83,"1,55",17,"0,32",35,"0,65",31,"0,58",17,"0,32",9,"0,17",14.0,"0,26",8,"0,15",4.0,"0,07",2911,"51,02",2647,"46,39",41,"0,72",37,"0,65",21,"0,37",16,"0,28",16,"0,28",14,"0,25",3,"0,05",,
Avegno,Genova,Liguria,https://elezioni.interno.gov.it/risultati/20241117/regionali/scrutini/italia/070340020,205,"20,16",40,"3,93",47,"4,62",38,"3,74",5,"0,49",21,"2,06",153,"15,04",102,"10,03",107,"10,52",111,"10,91",98,"9,64",51,"5,01",1,"0,10",7,"0,69",14,"1,38",3,"0,29",0,0,6.0,"0,59",2,"0,20",6.0,"0,59",368,"34,42",661,"61,83",8,"0,75",15,"1,40",4,"0,37",0,0,6,"0,56",2,"0,19",5,"0,47",,
Bargagli,Genova,Liguria,https://elezioni.interno.gov.it/risultati/20241117/regionali/scrutini/italia/070340030,219,"24,72",73,"8,24",36,"4,06",63,"7,11",21,"2,37",9,"1,02",147,"16,59",59,"6,66",89,"10,05",91,"10,27",32,"3,61",9,"1,02",0,0,10,"1,13",6,"0,68",10,"1,13",3,"0,34",5.0,"0,56",2,"0,23",2.0,"0,23",442,"46,92",458,"48,62",10,"1,06",6,"0,64",13,"1,38",4,"0,42",5,"0,53",2,"0,21",2,"0,21",,
Bogliasco,Genova,Liguria,https://elezioni.interno.gov.it/risultati/20241117/regionali/scrutini/italia/070340040,610,"30,32",152,"7,55",89,"4,42",48,"2,39",33,"1,64",56,"2,78",261,"12,97",173,"8,60",206,"10,24",152,"7,55",139,"6,91",27,"1,34",1,"0,05",15,"0,75",17,"0,84",12,"0,60",6,"0,30",8.0,"0,40",1,"0,05",6.0,"0,30",1035,"48,52",1029,"48,24",12,"0,56",18,"0,84",13,"0,61",6,"0,28",7,"0,33",1,"0,05",12,"0,56",,
Borzonasca,Genova,Liguria,https://elezioni.interno.gov.it/risultati/20241117/regionali/scrutini/italia/070340050,86,"15,22",27,"4,78",23,"4,07",21,"3,72",24,"4,25",2,"0,35",78,"13,81",46,"8,14",54,"9,56",89,"15,75",45,"7,96",7,"1,24",4,"0,71",3,"0,53",3,"0,53",6,"1,06",2,"0,35",1.0,"0,18",1,"0,18",43.0,"7,61",191,"32,10",334,"56,13",4,"0,67",4,"0,67",7,"1,18",2,"0,34",2,"0,34",1,"0,17",50,"8,40",,
Busalla,Genova,Liguria,https://elezioni.interno.gov.it/risultati/20241117/regionali/scrutini/italia/070340060,524,"25,30",80,"3,86",62,"2,99",57,"2,75",21,"1,01",15,"0,72",277,"13,38",151,"7,29",487,"23,52",151,"7,29",55,"2,66",57,"2,75",5,"0,24",90,"4,35",10,"0,48",4,"0,19",10,"0,48",9.0,"0,43",1,"0,05",5.0,"0,24",813,"36,56",1292,"58,09",77,"3,46",10,"0,45",6,"0,27",10,"0,45",9,"0,40",2,"0,09",5,"0,22",,
Camogli,Genova,Liguria,https://elezioni.interno.gov.it/risultati/20241117/regionali/scrutini/italia/070340070,633,"26,09",174,"7,17",118,"4,86",93,"3,83",46,"1,90",23,"0,95",480,"19,79",152,"6,27",168,"6,92",138,"5,69",237,"9,77",32,"1,32",29,"1,20",15,"0,62",32,"1,32",27,"1,11",12,"0,49",10.0,"0,41",1,"0,04",6.0,"0,25",1125,"44,29",1311,"51,61",15,"0,59",31,"1,22",23,"0,91",14,"0,55",11,"0,43",2,"0,08",8,"0,31",,
Campo Ligure,Genova,Liguria,https://elezioni.interno.gov.it/risultati/20241117/regionali/scrutini/italia/070340080,627,"49,57",35,"2,77",29,"2,29",36,"2,85",5,"0,40",10,"0,79",166,"13,12",78,"6,17",75,"5,93",110,"8,70",42,"3,32",18,"1,42",3,"0,24",1,"0,08",4,"0,32",7,"0,55",12,"0,95",5.0,"0,40",0,0,2.0,"0,16",734,"56,20",534,"40,89",2,"0,15",4,"0,31",9,"0,69",12,"0,92",6,"0,46",1,"0,08",4,"0,31",,
Campomorone,Genova,Liguria,https://elezioni.interno.gov.it/risultati/20241117/regionali/scrutini/italia/070340090,1013,"36,97",132,"4,82",103,"3,76",138,"5,04",52,"1,90",20,"0,73",290,"10,58",226,"8,25",284,"10,36",197,"7,19",110,"4,01",49,"1,79",3,"0,11",33,"1,20",18,"0,66",37,"1,35",6,"0,22",18.0,"0,66",5,"0,18",6.0,"0,22",1517,"51,93",1277,"43,72",33,"1,13",17,"0,58",37,"1,27",6,"0,21",19,"0,65",7,"0,24",8,"0,27",,
Carasco,Genova,Liguria,https://elezioni.interno.gov.it/risultati/20241117/regionali/scrutini/italia/070340100,234,"18,21",113,"8,79",34,"2,65",56,"4,36",22,"1,71",15,"1,17",207,"16,11",144,"11,21",134,"10,43",137,"10,66",101,"7,86",20,"1,56",1,"0,08",13,"1,01",7,"0,54",14,"1,09",4,"0,31",3.0,"0,23",1,"0,08",25.0,"1,95",479,"35,32",788,"58,11",14,"1,03",8,"0,59",23,"1,70",4,"0,29",4,"0,29",1,"0,07",35,"2,58",,
Casarza Ligure,Genova,Liguria,https://elezioni.interno.gov.it/risultati/20241117/regionali/scrutini/italia/070340110,625,"22,94",107,"3,93",75,"2,75",109,"4,00",38,"1,40",55,"2,02",245,"8,99",178,"6,53",115,"4,22",156,"5,73",834,"30,62",26,"0,95",30,"1,10",26,"0,95",30,"1,10",46,"1,69",5,"0,18",7.0,"0,26",6,"0,22",11.0,"0,40",1063,"37,67",1621,"57,44",27,"0,96",31,"1,10",51,"1,81",5,"0,18",7,"0,25",6,"0,21",11,"0,39",,
Casella,Genova,Liguria,https://elezioni.interno.gov.it/risultati/20241117/regionali/scrutini/italia/070340120,315,"26,45",63,"5,29",46,"3,86",61,"5,12",17,"1,43",16,"1,34",198,"16,62",106,"8,90",167,"14,02",87,"7,30",53,"4,45",28,"2,35",1,"0,08",9,"0,76",12,"1,01",5,"0,42",3,"0,25",0.0,0,1,"0,08",3.0,"0,25",544,"43,45",676,"53,99",7,"0,56",13,"1,04",5,"0,40",3,"0,24",0,0,1,"0,08",3,"0,24",,
Castiglione Chiavarese,Genova,Liguria,https://elezioni.interno.gov.it/risultati/20241117/regionali/scrutini/italia/070340130,129,"20,61",74,"11,82",20,"3,19",21,"3,35",9,"1,44",6,"0,96",74,"11,82",119,"19,01",22,"3,51",37,"5,91",74,"11,82",9,"1,44",4,"0,64",0,0,8,"1,28",12,"1,92",0,0,4.0,"0,64",1,"0,16",3.0,"0,48",265,"41,02",347,"53,72",0,0,9,"1,39",16,"2,48",0,0,4,"0,62",2,"0,31",3,"0,46",,
Ceranesi,Genova,Liguria,https://elezioni.interno.gov.it/risultati/20241117/regionali/scrutini/italia/070340140,503,"32,64",71,"4,61",70,"4,54",89,"5,78",24,"1,56",8,"0,52",181,"11,75",172,"11,16",149,"9,67",116,"7,53",51,"3,31",31,"2,01",4,"0,26",40,"2,60",2,"0,13",14,"0,91",2,"0,13",6.0,"0,39",3,"0,19",5.0,"0,32",797,"48,69",766,"46,79",38,"2,32",2,"0,12",18,"1,10",2,"0,12",6,"0,37",3,"0,18",5,"0,31",,
Chiavari,Genova,Liguria,https://elezioni.interno.gov.it/risultati/20241117/regionali/scrutini/italia/070340150,2513,"22,75",555,"5,02",448,"4,06",524,"4,74",185,"1,67",96,"0,87",1466,"13,27",935,"8,46",1428,"12,93",1431,"12,95",758,"6,86",135,"1,22",57,"0,52",77,"0,70",88,"0,80",98,"0,89",16,"0,14",38.0,"0,34",20,"0,18",179.0,"1,62",4573,"39,24",6529,"56,02",78,"0,67",97,"0,83",113,"0,97",16,"0,14",39,"0,33",23,"0,20",186,"1,60",,
Cicagna,Genova,Liguria,https://elezioni.interno.gov.it/risultati/20241117/regionali/scrutini/italia/070340160,116,"13,99",20,"2,41",21,"2,53",56,"6,76",14,"1,69",10,"1,21",132,"15,92",122,"14,72",57,"6,88",157,"18,94",78,"9,41",12,"1,45",5,"0,60",1,"0,12",13,"1,57",4,"0,48",1,"0,12",1.0,"0,12",0,0,9.0,"1,09",245,"28,16",592,"68,05",2,"0,23",13,"1,49",5,"0,57",1,"0,11",1,"0,11",0,0,11,"1,26",,
Cogoleto,Genova,Liguria,https://elezioni.interno.gov.it/risultati/20241117/regionali/scrutini/italia/070340170,1108,"30,26",261,"7,13",159,"4,34",205,"5,60",67,"1,83",226,"6,17",443,"12,10",315,"8,60",290,"7,92",245,"6,69",138,"3,77",68,"1,86",14,"0,38",31,"0,85",28,"0,76",24,"0,66",8,"0,22",19.0,"0,52",4,"0,11",9.0,"0,25",2093,"53,49",1687,"43,11",31,"0,79",30,"0,77",27,"0,69",10,"0,26",20,"0,51",4,"0,10",11,"0,28",,
Cogorno,Genova,Liguria,https://elezioni.interno.gov.it/risultati/20241117/regionali/scrutini/italia/070340180,529,"23,52",111,"4,94",77,"3,42",125,"5,56",34,"1,51",19,"0,84",340,"15,12",209,"9,29",284,"12,63",221,"9,83",144,"6,40",39,"1,73",10,"0,44",18,"0,80",16,"0,71",14,"0,62",2,"0,09",9.0,"0,40",2,"0,09",46.0,"2,05",923,"38,35",1335,"55,46",25,"1,04",22,"0,91",22,"0,91",4,"0,17",14,"0,58",6,"0,25",56,"2,33",,
Coreglia Ligure,Genova,Liguria,https://elezioni.interno.gov.it/risultati/20241117/regionali/scrutini/italia/070340190,23,"20,72",4,"3,60",8,"7,21",6,"5,41",0,0,0,0,12,"10,81",16,"14,41",6,"5,41",25,"22,52",6,"5,41",3,"2,70",1,"0,90",0,0,1,"0,90",0,0,0,0,0.0,0,0,0,0.0,0,42,"36,52",70,"60,87",0,0,1,"0,87",1,"0,87",0,0,0,0,0,0,1,"0,87",,
Crocefieschi,Genova,Liguria,https://elezioni.interno.gov.it/risultati/20241117/regionali/scrutini/italia/070340200,77,"28,95",23,"8,65",14,"5,26",20,"7,52",2,"0,75",5,"1,88",32,"12,03",28,"10,53",25,"9,40",17,"6,39",11,"4,14",3,"1,13",0,0,1,"0,38",6,"2,26",1,"0,38",0,0,0.0,0,1,"0,38",0.0,0,146,"51,05",131,"45,80",1,"0,35",6,"2,10",1,"0,35",0,0,0,0,1,"0,35",0,0,,
Davagna,Genova,Liguria,https://elezioni.interno.gov.it/risultati/20241117/regionali/scrutini/italia/070340210,166,"25,66",50,"7,73",25,"3,86",31,"4,79",34,"5,26",11,"1,70",67,"10,36",63,"9,74",53,"8,19",81,"12,52",18,"2,78",9,"1,39",1,"0,15",4,"0,62",9,"1,39",13,"2,01",3,"0,46",4.0,"0,62",2,"0,31",3.0,"0,46",330,"48,67",309,"45,58",5,"0,74",9,"1,33",12,"1,77",4,"0,59",4,"0,59",2,"0,29",3,"0,44",,
Fascia,Genova,Liguria,https://elezioni.interno.gov.it/risultati/20241117/regionali/scrutini/italia/070340220,5,"13,16",6,"15,79",2,"5,26",1,"2,63",2,"5,26",0,0,4,"10,53",2,"5,26",6,"15,79",8,"21,05",2,"5,26",0,0,0,0,0,0,0,0,0,0,0,0,0.0,0,0,0,0.0,0,17,"42,50",23,"57,50",0,0,0,0,0,0,0,0,0,0,0,0,0,0,,
Favale Di Malvaro,Genova,Liguria,https://elezioni.interno.gov.it/risultati/20241117/regionali/scrutini/italia/070340230,24,"13,11",2,"1,09",6,"3,28",5,"2,73",2,"1,09",1,"0,55",9,"4,92",102,"55,74",7,"3,83",12,"6,56",4,"2,19",4,"2,19",0,0,1,"0,55",1,"0,55",1,"0,55",0,0,0.0,0,0,0,2.0,"1,09",43,"22,63",141,"74,21",1,"0,53",1,"0,53",2,"1,05",0,0,0,0,0,0,2,"1,05",,
Fontanigorda,Genova,Liguria,https://elezioni.interno.gov.it/risultati/20241117/regionali/scrutini/italia/070340240,24,"21,24",34,"30,09",0,0,3,"2,65",0,0,1,"0,88",14,"12,39",7,"6,19",8,"7,08",6,"5,31",7,"6,19",0,0,1,"0,88",2,"1,77",3,"2,65",0,0,0,0,0.0,0,0,0,3.0,"2,65",62,"53,91",47,"40,87",0,0,3,"2,61",0,0,0,0,0,0,0,0,3,"2,61",,
Genova,Genova,Liguria,https://elezioni.interno.gov.it/risultati/20241117/regionali/scrutini/italia/070340250,64758,"29,72",15363,"7,05",16467,"7,56",11937,"5,48",4706,"2,16",2761,"1,27",29453,"13,52",15189,"6,97",22772,"10,45",14313,"6,57",8950,"4,11",3054,"1,40",510,"0,23",2341,"1,07",1675,"0,77",1529,"0,70",429,"0,20",914.0,"0,42",305,"0,14",438.0,"0,20",121821,"52,27",103219,"44,29",2457,"1,05",1764,"0,76",1534,"0,66",464,"0,20",961,"0,41",319,"0,14",508,"0,22",,
Gorreto,Genova,Liguria,https://elezioni.interno.gov.it/risultati/20241117/regionali/scrutini/italia/070340260,2,"3,85",4,"7,69",2,"3,85",2,"3,85",1,"1,92",1,"1,92",7,"13,46",10,"19,23",4,"7,69",16,"30,77",2,"3,85",0,0,0,0,0,0,1,"1,92",0,0,0,0,0.0,0,0,0,0.0,0,12,"22,64",40,"75,47",0,0,1,"1,89",0,0,0,0,0,0,0,0,0,0,,
Isola Del Cantone,Genova,Liguria,https://elezioni.interno.gov.it/risultati/20241117/regionali/scrutini/italia/070340270,136,"24,46",25,"4,50",20,"3,60",31,"5,58",7,"1,26",3,"0,54",64,"11,51",56,"10,07",54,"9,71",94,"16,91",24,"4,32",22,"3,96",2,"0,36",2,"0,36",4,"0,72",5,"0,90",0,0,4.0,"0,72",1,"0,18",2.0,"0,36",228,"39,38",333,"57,51",2,"0,35",4,"0,69",5,"0,86",0,0,4,"0,69",1,"0,17",2,"0,35",,
Lavagna,Genova,Liguria,https://elezioni.interno.gov.it/risultati/20241117/regionali/scrutini/italia/070340280,1222,"24,90",257,"5,24",193,"3,93",259,"5,28",87,"1,77",36,"0,73",742,"15,12",638,"13,00",412,"8,40",366,"7,46",345,"7,03",74,"1,51",44,"0,90",22,"0,45",65,"1,32",49,"1,00",7,"0,14",23.0,"0,47",9,"0,18",57.0,"1,16",2156,"41,92",2742,"53,32",22,"0,43",65,"1,26",56,"1,09",9,"0,17",22,"0,43",9,"0,17",62,"1,21",,
Leivi,Genova,Liguria,https://elezioni.interno.gov.it/risultati/20241117/regionali/scrutini/italia/070340290,188,"18,84",45,"4,51",62,"6,21",43,"4,31",13,"1,30",13,"1,30",163,"16,33",91,"9,12",92,"9,22",163,"16,33",64,"6,41",12,"1,20",2,"0,20",8,"0,80",16,"1,60",9,"0,90",2,"0,20",1.0,"0,10",0,0,11.0,"1,10",387,"36,65",620,"58,71",8,"0,76",16,"1,52",9,"0,85",3,"0,28",1,"0,09",0,0,12,"1,14",,
Lorsica,Genova,Liguria,https://elezioni.interno.gov.it/risultati/20241117/regionali/scrutini/italia/070340300,23,"13,37",8,"4,65",12,"6,98",9,"5,23",1,"0,58",0,0,16,"9,30",62,"36,05",15,"8,72",13,"7,56",3,"1,74",3,"1,74",2,"1,16",1,"0,58",1,"0,58",1,"0,58",0,0,1.0,"0,58",0,0,1.0,"0,58",54,"30,00",123,"68,33",1,"0,56",0,0,1,"0,56",0,0,0,0,0,0,1,"0,56",,
Lumarzo,Genova,Liguria,https://elezioni.interno.gov.it/risultati/20241117/regionali/scrutini/italia/070340310,93,"16,70",33,"5,92",16,"2,87",41,"7,36",4,"0,72",6,"1,08",68,"12,21",85,"15,26",37,"6,64",118,"21,18",15,"2,69",9,"1,62",1,"0,18",2,"0,36",8,"1,44",7,"1,26",5,"0,90",4.0,"0,72",1,"0,18",4.0,"0,72",199,"33,79",357,"60,61",4,"0,68",8,"1,36",7,"1,19",5,"0,85",4,"0,68",1,"0,17",4,"0,68",,
Masone,Genova,Liguria,https://elezioni.interno.gov.it/risultati/20241117/regionali/scrutini/italia/070340320,775,"47,40",37,"2,26",27,"1,65",74,"4,53",12,"0,73",9,"0,55",170,"10,40",96,"5,87",79,"4,83",217,"13,27",42,"2,57",36,"2,20",2,"0,12",11,"0,67",19,"1,16",4,"0,24",6,"0,37",8.0,"0,49",2,"0,12",9.0,"0,55",947,"55,41",698,"40,84",13,"0,76",19,"1,11",6,"0,35",6,"0,35",8,"0,47",2,"0,12",10,"0,59",,
Mele,Genova,Liguria,https://elezioni.interno.gov.it/risultati/20241117/regionali/scrutini/italia/070340330,434,"39,63",61,"5,57",53,"4,84",56,"5,11",17,"1,55",39,"3,56",111,"10,14",71,"6,48",73,"6,67",105,"9,59",31,"2,83",15,"1,37",1,"0,09",5,"0,46",7,"0,64",6,"0,55",1,"0,09",7.0,"0,64",2,"0,18",0.0,0,705,"59,59",441,"37,28",8,"0,68",9,"0,76",8,"0,68",1,"0,08",9,"0,76",2,"0,17",0,0,,
Mezzanego,Genova,Liguria,https://elezioni.interno.gov.it/risultati/20241117/regionali/scrutini/italia/070340340,82,"17,12",16,"3,34",15,"3,13",17,"3,55",7,"1,46",13,"2,71",124,"25,89",31,"6,47",32,"6,68",79,"16,49",29,"6,05",6,"1,25",2,"0,42",1,"0,21",3,"0,63",4,"0,84",1,"0,21",3.0,"0,63",1,"0,21",13.0,"2,71",154,"30,74",314,"62,67",2,"0,40",4,"0,80",4,"0,80",1,"0,20",3,"0,60",1,"0,20",18,"3,59",,
Mignanego,Genova,Liguria,https://elezioni.interno.gov.it/risultati/20241117/regionali/scrutini/italia/070340350,524,"37,03",68,"4,81",65,"4,59",67,"4,73",22,"1,55",13,"0,92",161,"11,38",104,"7,35",144,"10,18",134,"9,47",37,"2,61",18,"1,27",4,"0,28",11,"0,78",16,"1,13",9,"0,64",3,"0,21",7.0,"0,49",5,"0,35",3.0,"0,21",787,"52,61",653,"43,65",12,"0,80",16,"1,07",9,"0,60",3,"0,20",7,"0,47",6,"0,40",3,"0,20",,
Moconesi,Genova,Liguria,https://elezioni.interno.gov.it/risultati/20241117/regionali/scrutini/italia/070340360,128,"13,97",44,"4,80",12,"1,31",91,"9,93",8,"0,87",16,"1,75",131,"14,30",178,"19,43",71,"7,75",133,"14,52",49,"5,35",20,"2,18",3,"0,33",3,"0,33",5,"0,55",6,"0,66",3,"0,33",2.0,"0,22",2,"0,22",11.0,"1,20",305,"32,14",612,"64,49",3,"0,32",5,"0,53",6,"0,63",3,"0,32",2,"0,21",2,"0,21",11,"1,16",,
Moneglia,Genova,Liguria,https://elezioni.interno.gov.it/risultati/20241117/regionali/scrutini/italia/070340370,255,"21,72",49,"4,17",34,"2,90",30,"2,56",14,"1,19",9,"0,77",113,"9,63",85,"7,24",54,"4,60",65,"5,54",397,"33,82",19,"1,62",12,"1,02",4,"0,34",9,"0,77",16,"1,36",0,0,1.0,"0,09",1,"0,09",7.0,"0,60",407,"33,44",770,"63,27",7,"0,58",9,"0,74",14,"1,15",0,0,1,"0,08",1,"0,08",8,"0,66",,
Montebruno,Genova,Liguria,https://elezioni.interno.gov.it/risultati/20241117/regionali/scrutini/italia/070340380,8,"10,39",2,"2,60",1,"1,30",1,"1,30",3,"3,90",2,"2,60",9,"11,69",13,"16,88",15,"19,48",16,"20,78",2,"2,60",3,"3,90",0,0,1,"1,30",0,0,0,0,0,0,0.0,0,0,0,1.0,"1,30",16,"20,00",62,"77,50",1,"1,25",0,0,0,0,0,0,0,0,0,0,1,"1,25",,
Montoggio,Genova,Liguria,https://elezioni.interno.gov.it/risultati/20241117/regionali/scrutini/italia/070340390,220,"29,89",40,"5,43",25,"3,40",30,"4,08",11,"1,49",2,"0,27",91,"12,36",58,"7,88",67,"9,10",99,"13,45",29,"3,94",21,"2,85",4,"0,54",13,"1,77",6,"0,82",6,"0,82",2,"0,27",4.0,"0,54",0,0,8.0,"1,09",347,"43,92",404,"51,14",11,"1,39",6,"0,76",7,"0,89",2,"0,25",4,"0,51",1,"0,13",8,"1,01",,
Ne,Genova,Liguria,https://elezioni.interno.gov.it/risultati/20241117/regionali/scrutini/italia/070340400,207,"25,43",33,"4,05",17,"2,09",36,"4,42",11,"1,35",4,"0,49",99,"12,16",50,"6,14",68,"8,35",100,"12,29",136,"16,71",12,"1,47",0,0,6,"0,74",9,"1,11",13,"1,60",0,0,4.0,"0,49",2,"0,25",7.0,"0,86",307,"36,33",488,"57,75",7,"0,83",10,"1,18",17,"2,01",0,0,5,"0,59",2,"0,24",9,"1,07",,
Neirone,Genova,Liguria,https://elezioni.interno.gov.it/risultati/20241117/regionali/scrutini/italia/070340410,48,"14,46",19,"5,72",9,"2,71",29,"8,73",6,"1,81",1,"0,30",33,"9,94",104,"31,33",18,"5,42",32,"9,64",13,"3,92",2,"0,60",3,"0,90",1,"0,30",4,"1,20",6,"1,81",1,"0,30",1.0,"0,30",2,"0,60",0.0,0,119,"34,39",212,"61,27",1,"0,29",4,"1,16",6,"1,73",1,"0,29",1,"0,29",2,"0,58",0,0,,
Orero,Genova,Liguria,https://elezioni.interno.gov.it/risultati/20241117/regionali/scrutini/italia/070340420,20,"9,01",4,"1,80",6,"2,70",17,"7,66",3,"1,35",3,"1,35",36,"16,22",46,"20,72",13,"5,86",50,"22,52",10,"4,50",2,"0,90",0,0,1,"0,45",3,"1,35",4,"1,80",1,"0,45",0.0,0,2,"0,90",1.0,"0,45",52,"22,81",161,"70,61",1,"0,44",3,"1,32",4,"1,75",2,"0,88",0,0,2,"0,88",3,"1,32",,
Pieve Ligure,Genova,Liguria,https://elezioni.interno.gov.it/risultati/20241117/regionali/scrutini/italia/070340430,272,"23,78",71,"6,21",68,"5,94",25,"2,19",18,"1,57",106,"9,27",153,"13,37",80,"6,99",167,"14,60",66,"5,77",61,"5,33",14,"1,22",2,"0,17",11,"0,96",14,"1,22",5,"0,44",4,"0,35",1.0,"0,09",1,"0,09",5.0,"0,44",592,"48,68",586,"48,19",8,"0,66",14,"1,15",4,"0,33",4,"0,33",1,"0,08",1,"0,08",6,"0,49",,
Portofino,Genova,Liguria,https://elezioni.interno.gov.it/risultati/20241117/regionali/scrutini/italia/070340440,11,"7,86",0,0,2,"1,43",1,"0,71",2,"1,43",2,"1,43",25,"17,86",12,"8,57",48,"34,29",10,"7,14",20,"14,29",2,"1,43",1,"0,71",0,0,0,0,0,0,2,"1,43",0.0,0,1,"0,71",1.0,"0,71",18,"10,91",145,"87,88",0,0,0,0,0,0,2,"1,21",0,0,0,0,0,0,,
Propata,Genova,Liguria,https://elezioni.interno.gov.it/risultati/20241117/regionali/scrutini/italia/070340450,19,"38,78",1,"2,04",4,"8,16",1,"2,04",0,0,1,"2,04",4,"8,16",0,0,0,0,14,"28,57",1,"2,04",0,0,1,"2,04",1,"2,04",0,0,2,"4,08",0,0,0.0,0,0,0,0.0,0,28,"53,85",21,"40,38",1,"1,92",0,0,2,"3,85",0,0,0,0,0,0,0,0,,
Rapallo,Genova,Liguria,https://elezioni.interno.gov.it/risultati/20241117/regionali/scrutini/italia/070340460,1636,"16,00",419,"4,10",344,"3,36",406,"3,97",105,"1,03",342,"3,34",1338,"13,08",525,"5,13",1068,"10,44",524,"5,12",2484,"24,29",379,"3,71",95,"0,93",67,"0,66",69,"0,67",216,"2,11",16,"0,16",31.0,"0,30",66,"0,65",96.0,"0,94",3582,"33,11",6665,"61,62",83,"0,77",75,"0,69",183,"1,69",18,"0,17",35,"0,32",63,"0,58",113,"1,04",,
Recco,Genova,Liguria,https://elezioni.interno.gov.it/risultati/20241117/regionali/scrutini/italia/070340470,878,"21,55",269,"6,60",183,"4,49",135,"3,31",64,"1,57",54,"1,33",882,"21,64",273,"6,70",367,"9,01",380,"9,33",356,"8,74",76,"1,87",24,"0,59",17,"0,42",30,"0,74",21,"0,52",22,"0,54",12.0,"0,29",9,"0,22",23.0,"0,56",1684,"38,63",2513,"57,65",24,"0,55",37,"0,85",26,"0,60",26,"0,60",13,"0,30",11,"0,25",25,"0,57",,
Rezzoaglio,Genova,Liguria,https://elezioni.interno.gov.it/risultati/20241117/regionali/scrutini/italia/070340480,27,"7,69",6,"1,71",58,"16,52",6,"1,71",1,"0,28",1,"0,28",57,"16,24",41,"11,68",22,"6,27",40,"11,40",19,"5,41",5,"1,42",1,"0,28",2,"0,57",0,0,0,0,0,0,1.0,"0,28",0,0,64.0,"18,23",100,"26,95",191,"51,48",2,"0,54",0,0,0,0,0,0,1,"0,27",0,0,77,"20,75",,
Ronco Scrivia,Genova,Liguria,https://elezioni.interno.gov.it/risultati/20241117/regionali/scrutini/italia/070340490,511,"32,26",45,"2,84",34,"2,15",45,"2,84",11,"0,69",18,"1,14",242,"15,28",167,"10,54",216,"13,64",165,"10,42",55,"3,47",16,"1,01",1,"0,06",12,"0,76",18,"1,14",11,"0,69",9,"0,57",8.0,"0,51",0,0,0.0,0,683,"40,49",945,"56,02",13,"0,77",17,"1,01",11,"0,65",8,"0,47",8,"0,47",0,0,2,"0,12",,
Rondanina,Genova,Liguria,https://elezioni.interno.gov.it/risultati/20241117/regionali/scrutini/italia/070340500,3,"14,29",1,"4,76",0,0,0,0,0,0,1,"4,76",0,0,4,"19,05",4,"19,05",6,"28,57",1,"4,76",0,0,0,0,0,0,1,"4,76",0,0,0,0,0.0,0,0,0,0.0,0,6,"24,00",18,"72,00",0,0,1,"4,00",0,0,0,0,0,0,0,0,0,0,,
Rossiglione,Genova,Liguria,https://elezioni.interno.gov.it/risultati/20241117/regionali/scrutini/italia/070340510,765,"63,12",14,"1,16",20,"1,65",34,"2,81",8,"0,66",6,"0,50",92,"7,59",61,"5,03",64,"5,28",66,"5,45",31,"2,56",19,"1,57",0,0,6,"0,50",7,"0,58",9,"0,74",2,"0,17",5.0,"0,41",2,"0,17",1.0,"0,08",843,"67,22",378,"30,14",5,"0,40",5,"0,40",10,"0,80",2,"0,16",6,"0,48",2,"0,16",3,"0,24",,
Rovegno,Genova,Liguria,https://elezioni.interno.gov.it/risultati/20241117/regionali/scrutini/italia/070340520,32,"14,61",27,"12,33",2,"0,91",9,"4,11",0,0,1,"0,46",24,"10,96",11,"5,02",53,"24,20",38,"17,35",9,"4,11",1,"0,46",1,"0,46",0,0,4,"1,83",3,"1,37",1,"0,46",0.0,0,0,0,3.0,"1,37",75,"33,63",137,"61,43",0,0,4,"1,79",3,"1,35",1,"0,45",0,0,0,0,3,"1,35",,
San Colombano Certenoli,Genova,Liguria,https://elezioni.interno.gov.it/risultati/20241117/regionali/scrutini/italia/070340530,166,"17,38",32,"3,35",24,"2,51",80,"8,38",9,"0,94",5,"0,52",151,"15,81",121,"12,67",69,"7,23",135,"14,14",91,"9,53",19,"1,99",4,"0,42",2,"0,21",8,"0,84",9,"0,94",5,"0,52",6.0,"0,63",2,"0,21",17.0,"1,78",322,"32,89",602,"61,49",2,"0,20",8,"0,82",10,"1,02",5,"0,51",6,"0,61",3,"0,31",21,"2,15",,
Santa Margherita Ligure,Genova,Liguria,https://elezioni.interno.gov.it/risultati/20241117/regionali/scrutini/italia/070340540,699,"20,64",123,"3,63",95,"2,80",89,"2,63",50,"1,48",30,"0,89",832,"24,56",201,"5,93",272,"8,03",206,"6,08",537,"15,85",111,"3,28",17,"0,50",15,"0,44",26,"0,77",35,"1,03",8,"0,24",13.0,"0,38",8,"0,24",20.0,"0,59",1143,"32,19",2286,"64,38",16,"0,45",27,"0,76",30,"0,84",8,"0,23",13,"0,37",8,"0,23",20,"0,56",,
Sant'Olcese,Genova,Liguria,https://elezioni.interno.gov.it/risultati/20241117/regionali/scrutini/italia/070340550,1605,"57,53",91,"3,26",84,"3,01",77,"2,76",23,"0,82",21,"0,75",236,"8,46",143,"5,13",146,"5,23",159,"5,70",69,"2,47",36,"1,29",4,"0,14",29,"1,04",28,"1,00",16,"0,57",7,"0,25",11.0,"0,39",0,0,5.0,"0,18",1901,"65,55",896,"30,90",34,"1,17",31,"1,07",15,"0,52",7,"0,24",11,"0,38",0,0,5,"0,17",,
Santo Stefano D'Aveto,Genova,Liguria,https://elezioni.interno.gov.it/risultati/20241117/regionali/scrutini/italia/070340560,38,"9,03",6,"1,43",12,"2,85",5,"1,19",0,0,4,"0,95",34,"8,08",41,"9,74",27,"6,41",58,"13,78",24,"5,70",23,"5,46",0,0,15,"3,56",1,"0,24",1,"0,24",2,"0,48",1.0,"0,24",0,0,129.0,"30,64",71,"15,88",229,"51,23",15,"3,36",1,"0,22",1,"0,22",2,"0,45",1,"0,22",0,0,127,"28,41",,
Savignone,Genova,Liguria,https://elezioni.interno.gov.it/risultati/20241117/regionali/scrutini/italia/070340570,277,"23,49",64,"5,43",44,"3,73",46,"3,90",13,"1,10",12,"1,02",159,"13,49",122,"10,35",197,"16,71",103,"8,74",48,"4,07",33,"2,80",5,"0,42",20,"1,70",18,"1,53",8,"0,68",2,"0,17",5.0,"0,42",0,0,3.0,"0,25",479,"37,99",724,"57,41",19,"1,51",20,"1,59",7,"0,56",2,"0,16",5,"0,40",1,"0,08",4,"0,32",,
Serra Ricco',Genova,Liguria,https://elezioni.interno.gov.it/risultati/20241117/regionali/scrutini/italia/070340580,1320,"40,34",140,"4,28",142,"4,34",138,"4,22",82,"2,51",27,"0,83",357,"10,91",227,"6,94",315,"9,63",254,"7,76",104,"3,18",52,"1,59",7,"0,21",26,"0,79",26,"0,79",22,"0,67",5,"0,15",19.0,"0,58",2,"0,06",7.0,"0,21",1863,"54,08",1466,"42,55",26,"0,75",27,"0,78",27,"0,78",5,"0,15",20,"0,58",2,"0,06",9,"0,26",,
Sestri Levante,Genova,Liguria,https://elezioni.interno.gov.it/risultati/20241117/regionali/scrutini/italia/070340590,2042,"29,31",313,"4,49",237,"3,40",283,"4,06",152,"2,18",99,"1,42",1008,"14,47",381,"5,47",439,"6,30",462,"6,63",939,"13,48",117,"1,68",81,"1,16",41,"0,59",53,"0,76",221,"3,17",16,"0,23",31.0,"0,44",10,"0,14",43.0,"0,62",3251,"44,02",3640,"49,29",48,"0,65",59,"0,80",273,"3,70",18,"0,24",35,"0,47",11,"0,15",50,"0,68",,
Sori,Genova,Liguria,https://elezioni.interno.gov.it/risultati/20241117/regionali/scrutini/italia/070340600,350,"23,26",104,"6,91",89,"5,91",67,"4,45",19,"1,26",43,"2,86",170,"11,30",109,"7,24",111,"7,38",258,"17,14",102,"6,78",21,"1,40",3,"0,20",12,"0,80",18,"1,20",16,"1,06",6,"0,40",5.0,"0,33",2,"0,13",0.0,0,819,"43,96",983,"52,76",12,"0,64",18,"0,97",18,"0,97",6,"0,32",5,"0,27",2,"0,11",0,0,,
Tiglieto,Genova,Liguria,https://elezioni.interno.gov.it/risultati/20241117/regionali/scrutini/italia/070340610,98,"42,06",8,"3,43",6,"2,58",4,"1,72",4,"1,72",1,"0,43",36,"15,45",22,"9,44",12,"5,15",20,"8,58",17,"7,30",3,"1,29",0,0,0,0,1,"0,43",1,"0,43",0,0,0.0,0,0,0,0.0,0,120,"49,38",120,"49,38",0,0,1,"0,41",2,"0,82",0,0,0,0,0,0,0,0,,
Torriglia,Genova,Liguria,https://elezioni.interno.gov.it/risultati/20241117/regionali/scrutini/italia/070340620,151,"16,80",48,"5,34",42,"4,67",42,"4,67",10,"1,11",7,"0,78",168,"18,69",72,"8,01",73,"8,12",204,"22,69",38,"4,23",6,"0,67",2,"0,22",8,"0,89",7,"0,78",11,"1,22",1,"0,11",2.0,"0,22",5,"0,56",2.0,"0,22",310,"32,77",594,"62,79",10,"1,06",7,"0,74",12,"1,27",1,"0,11",2,"0,21",6,"0,63",4,"0,42",,
Tribogna,Genova,Liguria,https://elezioni.interno.gov.it/risultati/20241117/regionali/scrutini/italia/070340630,30,"13,82",7,"3,23",5,"2,30",21,"9,68",5,"2,30",0,0,20,"9,22",43,"19,82",18,"8,29",21,"9,68",32,"14,75",4,"1,84",0,0,0,0,2,"0,92",2,"0,92",0,0,3.0,"1,38",1,"0,46",3.0,"1,38",71,"31,98",139,"62,61",0,0,2,"0,90",3,"1,35",0,0,3,"1,35",1,"0,45",3,"1,35",,
Uscio,Genova,Liguria,https://elezioni.interno.gov.it/risultati/20241117/regionali/scrutini/italia/070340640,159,"19,97",36,"4,52",48,"6,03",35,"4,40",8,"1,01",8,"1,01",124,"15,58",164,"20,60",64,"8,04",59,"7,41",36,"4,52",22,"2,76",4,"0,50",4,"0,50",13,"1,63",6,"0,75",2,"0,25",4.0,"0,50",0,0,0.0,0,307,"37,30",483,"58,69",4,"0,49",16,"1,94",6,"0,73",3,"0,36",4,"0,49",0,0,0,0,,
Valbrevenna,Genova,Liguria,https://elezioni.interno.gov.it/risultati/20241117/regionali/scrutini/italia/070340650,80,"25,64",16,"5,13",30,"9,62",11,"3,53",5,"1,60",2,"0,64",41,"13,14",23,"7,37",43,"13,78",21,"6,73",10,"3,21",8,"2,56",0,0,5,"1,60",6,"1,92",7,"2,24",1,"0,32",2.0,"0,64",0,0,1.0,"0,32",145,"43,94",164,"49,70",5,"1,52",5,"1,52",7,"2,12",2,"0,61",1,"0,30",0,0,1,"0,30",,
Vobbia,Genova,Liguria,https://elezioni.interno.gov.it/risultati/20241117/regionali/scrutini/italia/070340660,53,"31,93",3,"1,81",9,"5,42",5,"3,01",0,0,0,0,22,"13,25",14,"8,43",23,"13,86",19,"11,45",3,"1,81",7,"4,22",1,"0,60",0,0,2,"1,20",0,0,1,"0,60",3.0,"1,81",1,"0,60",0.0,0,71,"41,04",96,"55,49",0,0,2,"1,16",0,0,1,"0,58",2,"1,16",1,"0,58",0,0,,
Zoagli,Genova,Liguria,https://elezioni.interno.gov.it/risultati/20241117/regionali/scrutini/italia/070340670,162,"17,94",38,"4,21",25,"2,77",46,"5,09",9,"1,00",14,"1,55",135,"14,95",73,"8,08",99,"10,96",62,"6,87",148,"16,39",30,"3,32",6,"0,66",11,"1,22",13,"1,44",11,"1,22",7,"0,78",1.0,"0,11",6,"0,66",7.0,"0,78",311,"32,40",588,"61,25",12,"1,25",12,"1,25",12,"1,25",8,"0,83",2,"0,21",6,"0,63",9,"0,94",,
Airole,Imperia,Liguria,https://elezioni.interno.gov.it/risultati/20241117/regionali/scrutini/italia/070370010,52,"36,36",6,"4,20",8,"5,59",4,"2,80",0,0,0,0,9,"6,29",5,"3,50",2,"1,40",44,"30,77",9,"6,29",0,0,0,0,1,"0,70",1,"0,70",0,0,1,"0,70",,,1,"0,70",0.0,0,72,"49,32",67,"45,89",1,"0,68",3,"2,05",0,0,1,"0,68",1,"0,68",1,"0,68",0,0,,0
Apricale,Imperia,Liguria,https://elezioni.interno.gov.it/risultati/20241117/regionali/scrutini/italia/070370020,25,"21,01",7,"5,88",14,"11,76",10,"8,40",0,0,1,"0,84",19,"15,97",1,"0,84",4,"3,36",15,"12,61",12,"10,08",1,"0,84",0,0,1,"0,84",2,"1,68",3,"2,52",4,"3,36",,,0,0,0.0,0,63,"47,37",61,"45,86",1,"0,75",2,"1,50",3,"2,26",3,"2,26",0,0,0,0,0,0,,0
Aquila D'Arroscia,Imperia,Liguria,https://elezioni.interno.gov.it/risultati/20241117/regionali/scrutini/italia/070370030,4,"4,60",0,0,0,0,0,0,0,0,0,0,2,"2,30",1,"1,15",0,0,57,"65,52",22,"25,29",0,0,0,0,0,0,0,0,0,0,1,"1,15",,,0,0,0.0,0,4,"4,60",82,"94,25",0,0,0,0,0,0,1,"1,15",0,0,0,0,0,0,,0
Armo,Imperia,Liguria,https://elezioni.interno.gov.it/risultati/20241117/regionali/scrutini/italia/070370040,7,"14,00",1,"2,00",1,"2,00",1,"2,00",0,0,0,0,2,"4,00",0,0,0,0,12,"24,00",24,"48,00",0,0,0,0,0,0,0,0,2,"4,00",0,0,,,0,0,0.0,0,10,"20,00",38,"76,00",0,0,0,0,2,"4,00",0,0,0,0,0,0,0,0,,0
Aurigo,Imperia,Liguria,https://elezioni.interno.gov.it/risultati/20241117/regionali/scrutini/italia/070370041,30,"20,13",3,"2,01",5,"3,36",2,"1,34",1,"0,67",0,0,16,"10,74",5,"3,36",10,"6,71",40,"26,85",32,"21,48",1,"0,67",0,0,0,0,0,0,3,"2,01",1,"0,67",,,0,0,0.0,0,47,"30,13",104,"66,67",0,0,0,0,3,"1,92",1,"0,64",0,0,0,0,1,"0,64",,0
Badalucco,Imperia,Liguria,https://elezioni.interno.gov.it/risultati/20241117/regionali/scrutini/italia/070370050,92,"25,92",20,"5,63",22,"6,20",21,"5,92",0,0,1,"0,28",37,"10,42",8,"2,25",18,"5,07",24,"6,76",93,"26,20",2,"0,56",1,"0,28",2,"0,56",6,"1,69",8,"2,25",0,0,,,0,0,0.0,0,161,"43,63",191,"51,76",2,"0,54",7,"1,90",8,"2,17",0,0,0,0,0,0,0,0,,0
Bajardo,Imperia,Liguria,https://elezioni.interno.gov.it/risultati/20241117/regionali/scrutini/italia/070370060,17,"17,35",3,"3,06",2,"2,04",3,"3,06",1,"1,02",1,"1,02",17,"17,35",3,"3,06",1,"1,02",21,"21,43",23,"23,47",0,0,0,0,0,0,0,0,5,"5,10",1,"1,02",,,0,0,0.0,0,30,"27,78",66,"61,11",0,0,3,"2,78",7,"6,48",1,"0,93",0,0,1,"0,93",0,0,,0
Bordighera,Imperia,Liguria,https://elezioni.interno.gov.it/risultati/20241117/regionali/scrutini/italia/070370070,758,"23,66",74,"2,31",91,"2,84",101,"3,15",14,"0,44",13,"0,41",718,"22,41",233,"7,27",73,"2,28",603,"18,82",337,"10,52",44,"1,37",5,"0,16",17,"0,53",32,"1,00",30,"0,94",13,"0,41",,,38,"1,19",10.0,"0,31",1112,"33,13",2091,"62,31",18,"0,54",40,"1,19",31,"0,92",16,"0,48",0,0,39,"1,16",9,"0,27",,0
Borghetto D'Arroscia,Imperia,Liguria,https://elezioni.interno.gov.it/risultati/20241117/regionali/scrutini/italia/070370080,18,"15,25",3,"2,54",6,"5,08",4,"3,39",2,"1,69",0,0,9,"7,63",2,"1,69",6,"5,08",36,"30,51",27,"22,88",1,"0,85",1,"0,85",0,0,2,"1,69",0,0,0,0,,,1,"0,85",0.0,0,34,"28,33",83,"69,17",0,0,2,"1,67",0,0,0,0,0,0,1,"0,83",0,0,,0
Borgomaro,Imperia,Liguria,https://elezioni.interno.gov.it/risultati/20241117/regionali/scrutini/italia/070370090,43,"16,67",2,"0,78",13,"5,04",2,"0,78",2,"0,78",1,"0,39",51,"19,77",17,"6,59",15,"5,81",69,"26,74",31,"12,02",3,"1,16",0,0,0,0,3,"1,16",3,"1,16",2,"0,78",,,1,"0,39",0.0,0,63,"23,08",199,"72,89",0,0,3,"1,10",4,"1,47",2,"0,73",0,0,2,"0,73",0,0,,0
Camporosso,Imperia,Liguria,https://elezioni.interno.gov.it/risultati/20241117/regionali/scrutini/italia/070370100,528,"31,64",29,"1,74",17,"1,02",58,"3,48",5,"0,30",12,"0,72",318,"19,05",70,"4,19",25,"1,50",275,"16,48",274,"16,42",17,"1,02",3,"0,18",1,"0,06",12,"0,72",11,"0,66",6,"0,36",,,6,"0,36",2.0,"0,12",668,"38,52",1023,"59,00",1,"0,06",12,"0,69",11,"0,63",6,"0,35",5,"0,29",6,"0,35",2,"0,12",,0
Caravonica,Imperia,Liguria,https://elezioni.interno.gov.it/risultati/20241117/regionali/scrutini/italia/070370110,15,"12,82",0,0,0,0,2,"1,71",0,0,0,0,12,"10,26",1,"0,85",0,0,54,"46,15",27,"23,08",1,"0,85",0,0,0,0,2,"1,71",2,"1,71",0,0,,,0,0,1.0,"0,85",20,"16,26",97,"78,86",0,0,2,"1,63",2,"1,63",0,0,0,0,1,"0,81",1,"0,81",,0
Castellaro,Imperia,Liguria,https://elezioni.interno.gov.it/risultati/20241117/regionali/scrutini/italia/070370130,93,"22,57",11,"2,67",14,"3,40",21,"5,10",0,0,4,"0,97",80,"19,42",6,"1,46",12,"2,91",46,"11,17",106,"25,73",8,"1,94",1,"0,24",1,"0,24",2,"0,49",2,"0,49",3,"0,73",,,0,0,2.0,"0,49",152,"34,86",271,"62,16",1,"0,23",2,"0,46",2,"0,46",6,"1,38",0,0,0,0,2,"0,46",,0
Castel Vittorio,Imperia,Liguria,https://elezioni.interno.gov.it/risultati/20241117/regionali/scrutini/italia/070370140,24,"25,00",5,"5,21",2,"2,08",2,"2,08",0,0,0,0,20,"20,83",2,"2,08",2,"2,08",15,"15,63",20,"20,83",0,0,0,0,1,"1,04",0,0,0,0,3,"3,13",,,0,0,0.0,0,34,"34,69",60,"61,22",1,"1,02",0,0,0,0,3,"3,06",0,0,0,0,0,0,,0
Ceriana,Imperia,Liguria,https://elezioni.interno.gov.it/risultati/20241117/regionali/scrutini/italia/070370150,33,"14,10",10,"4,27",9,"3,85",6,"2,56",0,0,1,"0,43",53,"22,65",14,"5,98",6,"2,56",43,"18,38",37,"15,81",4,"1,71",0,0,9,"3,85",1,"0,43",4,"1,71",2,"0,85",,,0,0,2.0,"0,85",67,"27,13",162,"65,59",9,"3,64",1,"0,40",4,"1,62",2,"0,81",0,0,0,0,2,"0,81",,0
Cervo,Imperia,Liguria,https://elezioni.interno.gov.it/risultati/20241117/regionali/scrutini/italia/070370160,84,"25,77",7,"2,15",9,"2,76",10,"3,07",11,"3,37",15,"4,60",55,"16,87",21,"6,44",17,"5,21",31,"9,51",50,"15,34",6,"1,84",0,0,0,0,4,"1,23",1,"0,31",3,"0,92",,,0,0,2.0,"0,61",136,"40,48",187,"55,65",2,"0,60",3,"0,89",3,"0,89",2,"0,60",1,"0,30",0,0,2,"0,60",,0
Cesio,Imperia,Liguria,https://elezioni.interno.gov.it/risultati/20241117/regionali/scrutini/italia/070370170,11,"11,58",2,"2,11",3,"3,16",1,"1,05",16,"16,84",0,0,14,"14,74",5,"5,26",4,"4,21",25,"26,32",9,"9,47",1,"1,05",0,0,2,"2,11",0,0,1,"1,05",0,0,,,0,0,1.0,"1,05",34,"34,69",60,"61,22",2,"2,04",0,0,1,"1,02",0,0,0,0,0,0,1,"1,02",,0
Chiusanico,Imperia,Liguria,https://elezioni.interno.gov.it/risultati/20241117/regionali/scrutini/italia/070370180,44,"18,97",8,"3,45",7,"3,02",5,"2,16",6,"2,59",0,0,23,"9,91",8,"3,45",13,"5,60",62,"26,72",42,"18,10",2,"0,86",0,0,1,"0,43",5,"2,16",3,"1,29",2,"0,86",,,1,"0,43",0.0,0,86,"34,54",153,"61,45",0,0,5,"2,01",2,"0,80",2,"0,80",0,0,1,"0,40",0,0,,0
Chiusavecchia,Imperia,Liguria,https://elezioni.interno.gov.it/risultati/20241117/regionali/scrutini/italia/070370190,24,"16,44",5,"3,42",6,"4,11",2,"1,37",2,"1,37",0,0,15,"10,27",7,"4,79",7,"4,79",41,"28,08",32,"21,92",2,"1,37",1,"0,68",0,0,0,0,2,"1,37",0,0,,,0,0,0.0,0,42,"27,63",108,"71,05",0,0,0,0,0,0,1,"0,66",0,0,1,"0,66",0,0,,0
Cipressa,Imperia,Liguria,https://elezioni.interno.gov.it/risultati/20241117/regionali/scrutini/italia/070370200,123,"29,57",15,"3,61",12,"2,88",15,"3,61",2,"0,48",4,"0,96",65,"15,63",19,"4,57",46,"11,06",49,"11,78",41,"9,86",6,"1,44",1,"0,24",2,"0,48",4,"0,96",10,"2,40",0,0,,,1,"0,24",1.0,"0,24",179,"41,15",234,"53,79",2,"0,46",4,"0,92",11,"2,53",1,"0,23",1,"0,23",1,"0,23",2,"0,46",,0
Civezza,Imperia,Liguria,https://elezioni.interno.gov.it/risultati/20241117/regionali/scrutini/italia/070370210,52,"25,00",6,"2,88",17,"8,17",5,"2,40",0,0,0,0,24,"11,54",11,"5,29",15,"7,21",29,"13,94",40,"19,23",2,"0,96",1,"0,48",3,"1,44",2,"0,96",1,"0,48",0,0,,,0,0,0.0,0,86,"39,45",125,"57,34",4,"1,83",2,"0,92",1,"0,46",0,0,0,0,0,0,0,0,,0
Cosio D'Arroscia,Imperia,Liguria,https://elezioni.interno.gov.it/risultati/20241117/regionali/scrutini/italia/070370220,9,"9,68",2,"2,15",0,0,1,"1,08",2,"2,15",0,0,7,"7,53",1,"1,08",5,"5,38",44,"47,31",17,"18,28",0,0,0,0,1,"1,08",0,0,2,"2,15",2,"2,15",,,0,0,0.0,0,13,"13,40",79,"81,44",1,"1,03",0,0,2,"2,06",2,"2,06",0,0,0,0,0,0,,0
Costarainera,Imperia,Liguria,https://elezioni.interno.gov.it/risultati/20241117/regionali/scrutini/italia/070370221,48,"18,05",12,"4,51",13,"4,89",6,"2,26",4,"1,50",2,"0,75",31,"11,65",6,"2,26",90,"33,83",19,"7,14",23,"8,65",1,"0,38",0,0,4,"1,50",3,"1,13",3,"1,13",1,"0,38",,,0,0,0.0,0,102,"33,22",194,"63,19",4,"1,30",3,"0,98",2,"0,65",1,"0,33",1,"0,33",0,0,0,0,,0
Diano Arentino,Imperia,Liguria,https://elezioni.interno.gov.it/risultati/20241117/regionali/scrutini/italia/070370230,27,"14,44",8,"4,28",5,"2,67",7,"3,74",1,"0,53",1,"0,53",27,"14,44",29,"15,51",8,"4,28",38,"20,32",21,"11,23",1,"0,53",0,0,0,0,1,"0,53",2,"1,07",8,"4,28",,,3,"1,60",0.0,0,59,"29,50",127,"63,50",0,0,1,"0,50",2,"1,00",8,"4,00",0,0,3,"1,50",0,0,,0
Diano Castello,Imperia,Liguria,https://elezioni.interno.gov.it/risultati/20241117/regionali/scrutini/italia/070370240,127,"19,57",11,"1,69",17,"2,62",19,"2,93",1,"0,15",9,"1,39",123,"18,95",59,"9,09",40,"6,16",80,"12,33",129,"19,88",11,"1,69",2,"0,31",1,"0,15",3,"0,46",6,"0,92",6,"0,92",,,2,"0,31",3.0,"0,46",190,"27,98",464,"68,34",1,"0,15",4,"0,59",7,"1,03",6,"0,88",1,"0,15",3,"0,44",3,"0,44",,0
Diano Marina,Imperia,Liguria,https://elezioni.interno.gov.it/risultati/20241117/regionali/scrutini/italia/070370250,373,"20,90",37,"2,07",45,"2,52",48,"2,69",15,"0,84",36,"2,02",377,"21,12",141,"7,90",105,"5,88",215,"12,04",288,"16,13",21,"1,18",3,"0,17",10,"0,56",12,"0,67",33,"1,85",17,"0,95",,,7,"0,39",2.0,"0,11",567,"30,26",1221,"65,15",13,"0,69",12,"0,64",34,"1,81",17,"0,91",1,"0,05",7,"0,37",2,"0,11",,0
Diano San Pietro,Imperia,Liguria,https://elezioni.interno.gov.it/risultati/20241117/regionali/scrutini/italia/070370260,66,"18,33",11,"3,06",11,"3,06",6,"1,67",2,"0,56",9,"2,50",57,"15,83",60,"16,67",13,"3,61",68,"18,89",36,"10,00",6,"1,67",0,0,0,0,2,"0,56",10,"2,78",1,"0,28",,,2,"0,56",0.0,0,115,"30,59",245,"65,16",1,"0,27",3,"0,80",9,"2,39",1,"0,27",0,0,2,"0,53",0,0,,0
Dolceacqua,Imperia,Liguria,https://elezioni.interno.gov.it/risultati/20241117/regionali/scrutini/italia/070370270,195,"30,66",12,"1,89",23,"3,62",31,"4,87",8,"1,26",0,0,132,"20,75",22,"3,46",4,"0,63",99,"15,57",91,"14,31",4,"0,63",1,"0,16",2,"0,31",8,"1,26",4,"0,63",0,0,,,0,0,0.0,0,274,"41,64",353,"53,65",2,"0,30",17,"2,58",8,"1,22",2,"0,30",0,0,1,"0,15",1,"0,15",,0
Dolcedo,Imperia,Liguria,https://elezioni.interno.gov.it/risultati/20241117/regionali/scrutini/italia/070370280,119,"29,90",7,"1,76",29,"7,29",8,"2,01",2,"0,50",1,"0,25",69,"17,34",11,"2,76",21,"5,28",36,"9,05",70,"17,59",6,"1,51",1,"0,25",4,"1,01",4,"1,01",7,"1,76",1,"0,25",,,1,"0,25",1.0,"0,25",177,"41,94",225,"53,32",4,"0,95",4,"0,95",8,"1,90",1,"0,24",0,0,2,"0,47",1,"0,24",,0
Imperia,Imperia,Liguria,https://elezioni.interno.gov.it/risultati/20241117/regionali/scrutini/italia/070370290,4519,"32,46",286,"2,05",604,"4,34",363,"2,61",250,"1,80",63,"0,45",1818,"13,06",424,"3,05",578,"4,15",1364,"9,80",2934,"21,07",132,"0,95",31,"0,22",63,"0,45",114,"0,82",186,"1,34",105,"0,75",,,69,"0,50",19.0,"0,14",6279,"43,29",7623,"52,55",75,"0,52",126,"0,87",183,"1,26",110,"0,76",16,"0,11",70,"0,48",24,"0,17",,0
Isolabona,Imperia,Liguria,https://elezioni.interno.gov.it/risultati/20241117/regionali/scrutini/italia/070370300,73,"33,18",2,"0,91",8,"3,64",4,"1,82",0,0,1,"0,45",51,"23,18",5,"2,27",3,"1,36",26,"11,82",39,"17,73",1,"0,45",0,0,0,0,1,"0,45",3,"1,36",0,0,,,1,"0,45",2.0,"0,91",88,"38,77",131,"57,71",0,0,1,"0,44",3,"1,32",0,0,1,"0,44",1,"0,44",2,"0,88",,0
Lucinasco,Imperia,Liguria,https://elezioni.interno.gov.it/risultati/20241117/regionali/scrutini/italia/070370301,29,"30,21",0,0,0,0,3,"3,13",2,"2,08",0,0,8,"8,33",3,"3,13",2,"2,08",38,"39,58",10,"10,42",0,0,0,0,0,0,0,0,1,"1,04",0,0,,,0,0,0.0,0,34,"35,05",61,"62,89",0,0,0,0,1,"1,03",1,"1,03",0,0,0,0,0,0,,0
Mendatica,Imperia,Liguria,https://elezioni.interno.gov.it/risultati/20241117/regionali/scrutini/italia/070370310,16,"17,58",1,"1,10",3,"3,30",1,"1,10",7,"7,69",0,0,11,"12,09",5,"5,49",3,"3,30",25,"27,47",13,"14,29",3,"3,30",0,0,0,0,0,0,0,0,3,"3,30",,,0,0,0.0,0,30,"31,58",62,"65,26",0,0,0,0,0,0,3,"3,16",0,0,0,0,0,0,,0
Molini Di Triora,Imperia,Liguria,https://elezioni.interno.gov.it/risultati/20241117/regionali/scrutini/italia/070370320,24,"15,48",5,"3,23",16,"10,32",7,"4,52",0,0,0,0,36,"23,23",1,"0,65",6,"3,87",16,"10,32",33,"21,29",3,"1,94",0,0,2,"1,29",2,"1,29",1,"0,65",0,0,,,2,"1,29",1.0,"0,65",54,"34,39",93,"59,24",3,"1,91",3,"1,91",1,"0,64",0,0,0,0,2,"1,27",1,"0,64",,0
Montalto Carpasio,Imperia,Liguria,https://elezioni.interno.gov.it/risultati/20241117/regionali/scrutini/italia/070370325,43,"29,66",4,"2,76",15,"10,34",4,"2,76",0,0,1,"0,69",15,"10,34",7,"4,83",3,"2,07",20,"13,79",30,"20,69",1,"0,69",0,0,0,0,1,"0,69",1,"0,69",0,0,,,0,0,0.0,0,69,"44,52",82,"52,90",0,0,1,"0,65",3,"1,94",0,0,0,0,0,0,0,0,,0
Montegrosso Pian Latte,Imperia,Liguria,https://elezioni.interno.gov.it/risultati/20241117/regionali/scrutini/italia/070370340,13,"18,84",3,"4,35",0,0,0,0,3,"4,35",1,"1,45",3,"4,35",2,"2,90",1,"1,45",19,"27,54",24,"34,78",0,0,0,0,0,0,0,0,0,0,0,0,,,0,0,0.0,0,23,"31,51",50,"68,49",0,0,0,0,0,0,0,0,0,0,0,0,0,0,,0
Olivetta San Michele,Imperia,Liguria,https://elezioni.interno.gov.it/risultati/20241117/regionali/scrutini/italia/070370350,12,"18,18",1,"1,52",1,"1,52",1,"1,52",7,"10,61",0,0,16,"24,24",2,"3,03",0,0,12,"18,18",13,"19,70",0,0,0,0,0,0,1,"1,52",0,0,0,0,,,0,0,0.0,0,22,"32,84",43,"64,18",0,0,1,"1,49",1,"1,49",0,0,0,0,0,0,0,0,,0
Ospedaletti,Imperia,Liguria,https://elezioni.interno.gov.it/risultati/20241117/regionali/scrutini/italia/070370360,185,"19,01",70,"7,19",26,"2,67",44,"4,52",8,"0,82",5,"0,51",276,"28,37",37,"3,80",31,"3,19",110,"11,31",142,"14,59",7,"0,72",2,"0,21",5,"0,51",9,"0,92",6,"0,62",4,"0,41",,,5,"0,51",1.0,"0,10",353,"34,01",653,"62,91",6,"0,58",9,"0,87",6,"0,58",4,"0,39",0,0,5,"0,48",2,"0,19",,0
Perinaldo,Imperia,Liguria,https://elezioni.interno.gov.it/risultati/20241117/regionali/scrutini/italia/070370370,43,"23,76",9,"4,97",7,"3,87",9,"4,97",0,0,0,0,40,"22,10",4,"2,21",0,0,31,"17,13",28,"15,47",2,"1,10",0,0,1,"0,55",1,"0,55",5,"2,76",0,0,,,1,"0,55",0.0,0,69,"35,57",116,"59,79",1,"0,52",1,"0,52",6,"3,09",0,0,0,0,1,"0,52",0,0,,0
Pietrabruna,Imperia,Liguria,https://elezioni.interno.gov.it/risultati/20241117/regionali/scrutini/italia/070370380,29,"20,86",8,"5,76",8,"5,76",1,"0,72",0,0,1,"0,72",21,"15,11",1,"0,72",7,"5,04",41,"29,50",14,"10,07",3,"2,16",1,"0,72",1,"0,72",3,"2,16",0,0,0,0,,,0,0,0.0,0,50,"33,11",96,"63,58",1,"0,66",3,"1,99",0,0,0,0,0,0,1,"0,66",0,0,,0
Pieve Di Teco,Imperia,Liguria,https://elezioni.interno.gov.it/risultati/20241117/regionali/scrutini/italia/070370390,77,"20,00",22,"5,71",10,"2,60",10,"2,60",8,"2,08",1,"0,26",62,"16,10",11,"2,86",14,"3,64",98,"25,45",47,"12,21",4,"1,04",1,"0,26",1,"0,26",6,"1,56",10,"2,60",1,"0,26",,,0,0,2.0,"0,52",137,"33,50",250,"61,12",1,"0,24",6,"1,47",11,"2,69",2,"0,49",0,0,0,0,2,"0,49",,0
Pigna,Imperia,Liguria,https://elezioni.interno.gov.it/risultati/20241117/regionali/scrutini/italia/070370400,55,"21,65",15,"5,91",20,"7,87",3,"1,18",0,0,1,"0,39",61,"24,02",4,"1,57",2,"0,79",38,"14,96",24,"9,45",0,0,0,0,0,0,0,0,2,"0,79",28,"11,02",,,1,"0,39",0.0,0,98,"37,40",133,"50,76",0,0,0,0,3,"1,15",27,"10,31",0,0,1,"0,38",0,0,,0
Pompeiana,Imperia,Liguria,https://elezioni.interno.gov.it/risultati/20241117/regionali/scrutini/italia/070370410,69,"26,44",6,"2,30",5,"1,92",9,"3,45",0,0,0,0,29,"11,11",15,"5,75",6,"2,30",48,"18,39",66,"25,29",2,"0,77",0,0,1,"0,38",3,"1,15",1,"0,38",0,0,,,1,"0,38",0.0,0,89,"32,84",174,"64,21",2,"0,74",3,"1,11",2,"0,74",0,0,0,0,1,"0,37",0,0,,0
Pontedassio,Imperia,Liguria,https://elezioni.interno.gov.it/risultati/20241117/regionali/scrutini/italia/070370420,173,"20,21",13,"1,52",20,"2,34",30,"3,50",3,"0,35",1,"0,12",86,"10,05",26,"3,04",23,"2,69",345,"40,30",106,"12,38",5,"0,58",1,"0,12",1,"0,12",9,"1,05",4,"0,47",5,"0,58",,,3,"0,35",2.0,"0,23",252,"28,73",597,"68,07",1,"0,11",10,"1,14",2,"0,23",6,"0,68",3,"0,34",4,"0,46",2,"0,23",,0
Pornassio,Imperia,Liguria,https://elezioni.interno.gov.it/risultati/20241117/regionali/scrutini/italia/070370430,22,"14,29",10,"6,49",5,"3,25",3,"1,95",2,"1,30",1,"0,65",18,"11,69",5,"3,25",6,"3,90",33,"21,43",39,"25,32",5,"3,25",0,0,0,0,1,"0,65",3,"1,95",0,0,,,0,0,1.0,"0,65",45,"27,11",115,"69,28",0,0,2,"1,20",3,"1,81",0,0,0,0,0,0,1,"0,60",,0
Prela',Imperia,Liguria,https://elezioni.interno.gov.it/risultati/20241117/regionali/scrutini/italia/070370440,38,"26,03",4,"2,74",10,"6,85",4,"2,74",5,"3,42",0,0,10,"6,85",2,"1,37",5,"3,42",45,"30,82",15,"10,27",0,0,0,0,1,"0,68",0,0,5,"3,42",0,0,,,2,"1,37",0.0,0,65,"42,48",79,"51,63",1,"0,65",1,"0,65",5,"3,27",0,0,0,0,2,"1,31",0,0,,0
Ranzo,Imperia,Liguria,https://elezioni.interno.gov.it/risultati/20241117/regionali/scrutini/italia/070370450,32,"20,00",5,"3,13",3,"1,88",8,"5,00",3,"1,88",0,0,33,"20,63",7,"4,38",2,"1,25",31,"19,38",22,"13,75",3,"1,88",1,"0,63",0,0,4,"2,50",2,"1,25",1,"0,63",,,2,"1,25",1.0,"0,63",56,"32,94",105,"61,76",0,0,4,"2,35",1,"0,59",1,"0,59",0,0,2,"1,18",1,"0,59",,0
Rezzo,Imperia,Liguria,https://elezioni.interno.gov.it/risultati/20241117/regionali/scrutini/italia/070370460,24,"19,05",1,"0,79",4,"3,17",7,"5,56",0,0,4,"3,17",18,"14,29",1,"0,79",7,"5,56",29,"23,02",27,"21,43",0,0,0,0,1,"0,79",0,0,0,0,2,"1,59",,,1,"0,79",0.0,0,42,"31,58",86,"64,66",1,"0,75",1,"0,75",0,0,2,"1,50",0,0,1,"0,75",0,0,,0
Riva Ligure,Imperia,Liguria,https://elezioni.interno.gov.it/risultati/20241117/regionali/scrutini/italia/070370461,139,"17,18",37,"4,57",23,"2,84",23,"2,84",9,"1,11",11,"1,36",188,"23,24",39,"4,82",37,"4,57",94,"11,62",163,"20,15",8,"0,99",6,"0,74",2,"0,25",8,"0,99",10,"1,24",7,"0,87",,,3,"0,37",2.0,"0,25",265,"30,49",572,"65,82",2,"0,23",8,"0,92",10,"1,15",7,"0,81",0,0,3,"0,35",2,"0,23",,0
Rocchetta Nervina,Imperia,Liguria,https://elezioni.interno.gov.it/risultati/20241117/regionali/scrutini/italia/070370480,14,"15,56",3,"3,33",4,"4,44",9,"10,00",1,"1,11",1,"1,11",30,"33,33",3,"3,33",0,0,4,"4,44",11,"12,22",3,"3,33",0,0,0,0,0,0,2,"2,22",2,"2,22",,,2,"2,22",1.0,"1,11",33,"32,67",57,"56,44",1,"0,99",1,"0,99",3,"2,97",2,"1,98",0,0,3,"2,97",1,"0,99",,0
San Bartolomeo Al Mare,Imperia,Liguria,https://elezioni.interno.gov.it/risultati/20241117/regionali/scrutini/italia/070370490,233,"23,85",31,"3,17",26,"2,66",22,"2,25",9,"0,92",28,"2,87",230,"23,54",66,"6,76",50,"5,12",121,"12,38",109,"11,16",11,"1,13",0,0,2,"0,20",12,"1,23",10,"1,02",6,"0,61",,,8,"0,82",3.0,"0,31",365,"35,10",627,"60,29",4,"0,38",13,"1,25",12,"1,15",5,"0,48",2,"0,19",8,"0,77",4,"0,38",,0
San Biagio Della Cima,Imperia,Liguria,https://elezioni.interno.gov.it/risultati/20241117/regionali/scrutini/italia/070370500,67,"16,79",16,"4,01",16,"4,01",13,"3,26",1,"0,25",1,"0,25",112,"28,07",17,"4,26",2,"0,50",103,"25,81",32,"8,02",4,"1,00",3,"0,75",2,"0,50",1,"0,25",6,"1,50",2,"0,50",,,1,"0,25",0.0,0,118,"29,21",274,"67,82",1,"0,25",1,"0,25",6,"1,49",3,"0,74",0,0,1,"0,25",0,0,,0
San Lorenzo Al Mare,Imperia,Liguria,https://elezioni.interno.gov.it/risultati/20241117/regionali/scrutini/italia/070370510,139,"29,08",9,"1,88",25,"5,23",14,"2,93",4,"0,84",2,"0,42",89,"18,62",17,"3,56",25,"5,23",45,"9,41",87,"18,20",5,"1,05",2,"0,42",1,"0,21",7,"1,46",6,"1,26",1,"0,21",,,0,0,0.0,0,200,"40,24",283,"56,94",1,"0,20",7,"1,41",5,"1,01",1,"0,20",0,0,0,0,0,0,,0
Sanremo,Imperia,Liguria,https://elezioni.interno.gov.it/risultati/20241117/regionali/scrutini/italia/070370520,2471,"18,50",900,"6,74",500,"3,74",529,"3,96",170,"1,27",75,"0,56",4056,"30,37",412,"3,08",398,"2,98",1607,"12,03",1559,"11,67",123,"0,92",19,"0,14",98,"0,73",143,"1,07",129,"0,97",57,"0,43",,,62,"0,46",47.0,"0,35",5042,"35,04",8723,"60,61",112,"0,78",166,"1,15",152,"1,06",65,"0,45",18,"0,13",64,"0,44",49,"0,34",,0
Santo Stefano Al Mare,Imperia,Liguria,https://elezioni.interno.gov.it/risultati/20241117/regionali/scrutini/italia/070370521,157,"22,59",21,"3,02",19,"2,73",26,"3,74",9,"1,29",1,"0,14",150,"21,58",24,"3,45",30,"4,32",48,"6,91",157,"22,59",9,"1,29",3,"0,43",2,"0,29",11,"1,58",13,"1,87",10,"1,44",,,3,"0,43",2.0,"0,29",238,"33,15",434,"60,45",4,"0,56",12,"1,67",11,"1,53",10,"1,39",2,"0,28",3,"0,42",4,"0,56",,0
Seborga,Imperia,Liguria,https://elezioni.interno.gov.it/risultati/20241117/regionali/scrutini/italia/070370530,17,"18,28",0,0,2,"2,15",7,"7,53",0,0,0,0,22,"23,66",11,"11,83",1,"1,08",20,"21,51",9,"9,68",1,"1,08",0,0,1,"1,08",1,"1,08",1,"1,08",0,0,,,0,0,0.0,0,27,"26,73",71,"70,30",1,"0,99",1,"0,99",1,"0,99",0,0,0,0,0,0,0,0,,0
Soldano,Imperia,Liguria,https://elezioni.interno.gov.it/risultati/20241117/regionali/scrutini/italia/070370540,83,"29,43",5,"1,77",9,"3,19",5,"1,77",2,"0,71",4,"1,42",60,"21,28",11,"3,90",7,"2,48",53,"18,79",23,"8,16",3,"1,06",1,"0,35",2,"0,71",7,"2,48",2,"0,71",4,"1,42",,,0,0,1.0,"0,35",109,"36,58",171,"57,38",2,"0,67",7,"2,35",2,"0,67",4,"1,34",2,"0,67",0,0,1,"0,34",,0
Taggia,Imperia,Liguria,https://elezioni.interno.gov.it/risultati/20241117/regionali/scrutini/italia/070370550,860,"20,04",116,"2,70",179,"4,17",171,"3,99",32,"0,75",25,"0,58",629,"14,66",111,"2,59",80,"1,86",451,"10,51",1450,"33,79",30,"0,70",3,"0,07",28,"0,65",36,"0,84",37,"0,86",34,"0,79",,,10,"0,23",9.0,"0,21",1494,"33,28",2821,"62,84",31,"0,69",39,"0,87",41,"0,91",36,"0,80",5,"0,11",11,"0,25",11,"0,25",,0
Terzorio,Imperia,Liguria,https://elezioni.interno.gov.it/risultati/20241117/regionali/scrutini/italia/070370560,16,"17,78",3,"3,33",8,"8,89",1,"1,11",1,"1,11",0,0,10,"11,11",1,"1,11",6,"6,67",7,"7,78",31,"34,44",0,0,0,0,0,0,0,0,1,"1,11",3,"3,33",,,1,"1,11",1.0,"1,11",29,"29,00",65,"65,00",0,0,0,0,1,"1,00",3,"3,00",0,0,1,"1,00",1,"1,00",,0
Triora,Imperia,Liguria,https://elezioni.interno.gov.it/risultati/20241117/regionali/scrutini/italia/070370570,24,"19,83",3,"2,48",7,"5,79",2,"1,65",1,"0,83",1,"0,83",20,"16,53",4,"3,31",4,"3,31",21,"17,36",30,"24,79",2,"1,65",0,0,0,0,1,"0,83",0,0,1,"0,83",,,0,0,0.0,0,40,"31,75",83,"65,87",0,0,0,0,1,"0,79",1,"0,79",1,"0,79",0,0,0,0,,0
Vallebona,Imperia,Liguria,https://elezioni.interno.gov.it/risultati/20241117/regionali/scrutini/italia/070370580,73,"20,51",9,"2,53",12,"3,37",11,"3,09",1,"0,28",0,0,56,"15,73",31,"8,71",4,"1,12",97,"27,25",39,"10,96",7,"1,97",1,"0,28",2,"0,56",5,"1,40",3,"0,84",0,0,,,3,"0,84",2.0,"0,56",114,"30,65",243,"65,32",2,"0,54",5,"1,34",3,"0,81",0,0,0,0,3,"0,81",2,"0,54",,0
Vallecrosia,Imperia,Liguria,https://elezioni.interno.gov.it/risultati/20241117/regionali/scrutini/italia/070370590,541,"23,04",42,"1,79",54,"2,30",74,"3,15",4,"0,17",8,"0,34",573,"24,40",92,"3,92",25,"1,06",726,"30,92",150,"6,39",10,"0,43",2,"0,09",2,"0,09",16,"0,68",14,"0,60",8,"0,34",,,5,"0,21",2.0,"0,09",746,"31,01",1606,"66,75",3,"0,12",17,"0,71",15,"0,62",9,"0,37",1,"0,04",6,"0,25",3,"0,12",,0
Vasia,Imperia,Liguria,https://elezioni.interno.gov.it/risultati/20241117/regionali/scrutini/italia/070370600,32,"24,43",0,0,10,"7,63",3,"2,29",3,"2,29",3,"2,29",17,"12,98",4,"3,05",2,"1,53",28,"21,37",22,"16,79",1,"0,76",0,0,0,0,3,"2,29",1,"0,76",1,"0,76",,,0,0,1.0,"0,76",50,"37,04",79,"58,52",0,0,3,"2,22",1,"0,74",1,"0,74",0,0,0,0,1,"0,74",,0
Ventimiglia,Imperia,Liguria,https://elezioni.interno.gov.it/risultati/20241117/regionali/scrutini/italia/070370610,1620,"24,49",106,"1,60",198,"2,99",273,"4,13",11,"0,17",21,"0,32",1120,"16,93",306,"4,63",109,"1,65",1115,"16,85",1502,"22,70",48,"0,73",8,"0,12",17,"0,26",49,"0,74",28,"0,42",23,"0,35",,,44,"0,67",18.0,"0,27",2260,"32,85",4418,"64,22",21,"0,31",54,"0,78",29,"0,42",26,"0,38",7,"0,10",42,"0,61",23,"0,33",,0
Vessalico,Imperia,Liguria,https://elezioni.interno.gov.it/risultati/20241117/regionali/scrutini/italia/070370620,10,"12,05",2,"2,41",1,"1,20",1,"1,20",1,"1,20",0,0,8,"9,64",3,"3,61",0,0,31,"37,35",23,"27,71",1,"1,20",0,0,1,"1,20",1,"1,20",0,0,0,0,,,0,0,0.0,0,18,"20,69",67,"77,01",1,"1,15",1,"1,15",0,0,0,0,0,0,0,0,0,0,,0
Villa Faraldi,Imperia,Liguria,https://elezioni.interno.gov.it/risultati/20241117/regionali/scrutini/italia/070370630,23,"20,18",1,"0,88",4,"3,51",1,"0,88",1,"0,88",2,"1,75",10,"8,77",15,"13,16",10,"8,77",11,"9,65",25,"21,93",2,"1,75",0,0,0,0,2,"1,75",2,"1,75",3,"2,63",,,1,"0,88",1.0,"0,88",33,"28,21",75,"64,10",0,0,2,"1,71",2,"1,71",3,"2,56",0,0,1,"0,85",1,"0,85",,0
Ameglia,La Spezia,Liguria,https://elezioni.interno.gov.it/risultati/20241117/regionali/scrutini/italia/070390010,413,"24,64",106,"6,32",114,"6,80",64,"3,82",28,"1,67",33,"1,97",257,"15,33",51,"3,04",347,"20,70",84,"5,01",106,"6,32",24,"1,43",3,"0,18",10,"0,60",16,"0,95",10,"0,60",3,"0,18",,,6,"0,36",1.0,"0,06",780,"45,11",900,"52,05",12,"0,69",16,"0,93",10,"0,58",3,"0,17",1,"0,06",6,"0,35",1,"0,06",,0
Arcola,La Spezia,Liguria,https://elezioni.interno.gov.it/risultati/20241117/regionali/scrutini/italia/070390020,1248,"34,67",119,"3,31",186,"5,17",209,"5,81",59,"1,64",61,"1,69",570,"15,83",98,"2,72",306,"8,50",273,"7,58",230,"6,39",52,"1,44",35,"0,97",34,"0,94",44,"1,22",49,"1,36",11,"0,31",,,11,"0,31",5.0,"0,14",1980,"52,51",1633,"43,30",33,"0,88",45,"1,19",50,"1,33",11,"0,29",4,"0,11",11,"0,29",4,"0,11",,0
Beverino,La Spezia,Liguria,https://elezioni.interno.gov.it/risultati/20241117/regionali/scrutini/italia/070390030,190,"18,43",25,"2,42",100,"9,70",32,"3,10",8,"0,78",37,"3,59",148,"14,35",32,"3,10",307,"29,78",40,"3,88",64,"6,21",11,"1,07",5,"0,48",11,"1,07",9,"0,87",9,"0,87",1,"0,10",,,2,"0,19",0.0,0,416,"39,39",610,"57,77",11,"1,04",9,"0,85",7,"0,66",1,"0,09",0,0,2,"0,19",0,0,,0
Bolano,La Spezia,Liguria,https://elezioni.interno.gov.it/risultati/20241117/regionali/scrutini/italia/070390040,893,"30,94",106,"3,67",142,"4,92",105,"3,64",48,"1,66",55,"1,91",485,"16,81",96,"3,33",336,"11,64",184,"6,38",292,"10,12",45,"1,56",39,"1,35",14,"0,49",16,"0,55",13,"0,45",3,"0,10",,,11,"0,38",3.0,"0,10",1405,"46,80",1530,"50,97",16,"0,53",18,"0,60",14,"0,47",3,"0,10",2,"0,07",11,"0,37",3,"0,10",,0
Bonassola,La Spezia,Liguria,https://elezioni.interno.gov.it/risultati/20241117/regionali/scrutini/italia/070390050,124,"35,33",5,"1,42",19,"5,41",21,"5,98",2,"0,57",12,"3,42",31,"8,83",4,"1,14",40,"11,40",20,"5,70",13,"3,70",1,"0,28",1,"0,28",3,"0,85",0,0,8,"2,28",1,"0,28",,,45,"12,82",1.0,"0,28",185,"50,00",122,"32,97",3,"0,81",0,0,5,"1,35",1,"0,27",3,"0,81",50,"13,51",1,"0,27",,0
Borghetto Di Vara,La Spezia,Liguria,https://elezioni.interno.gov.it/risultati/20241117/regionali/scrutini/italia/070390060,54,"13,81",9,"2,30",12,"3,07",11,"2,81",2,"0,51",37,"9,46",113,"28,90",19,"4,86",65,"16,62",32,"8,18",16,"4,09",7,"1,79",4,"1,02",4,"1,02",3,"0,77",2,"0,51",0,0,,,0,0,1.0,"0,26",134,"33,09",260,"64,20",5,"1,23",3,"0,74",3,"0,74",0,0,0,0,0,0,0,0,,0
Brugnato,La Spezia,Liguria,https://elezioni.interno.gov.it/risultati/20241117/regionali/scrutini/italia/070390070,95,"15,68",26,"4,29",18,"2,97",22,"3,63",4,"0,66",64,"10,56",143,"23,60",21,"3,47",103,"17,00",47,"7,76",33,"5,45",4,"0,66",8,"1,32",2,"0,33",4,"0,66",4,"0,66",2,"0,33",,,4,"0,66",2.0,"0,33",236,"35,98",400,"60,98",3,"0,46",3,"0,46",5,"0,76",2,"0,30",1,"0,15",4,"0,61",2,"0,30",,0
Calice Al Cornoviglio,La Spezia,Liguria,https://elezioni.interno.gov.it/risultati/20241117/regionali/scrutini/italia/070390080,86,"21,50",10,"2,50",17,"4,25",15,"3,75",2,"0,50",7,"1,75",50,"12,50",23,"5,75",73,"18,25",35,"8,75",38,"9,50",8,"2,00",7,"1,75",5,"1,25",3,"0,75",10,"2,50",10,"2,50",,,1,"0,25",0.0,0,149,"36,34",241,"58,78",5,"1,22",3,"0,73",10,"2,44",0,0,1,"0,24",1,"0,24",0,0,,0
Carro,La Spezia,Liguria,https://elezioni.interno.gov.it/risultati/20241117/regionali/scrutini/italia/070390090,27,"12,00",3,"1,33",10,"4,44",10,"4,44",3,"1,33",28,"12,44",20,"8,89",6,"2,67",64,"28,44",12,"5,33",7,"3,11",6,"2,67",19,"8,44",1,"0,44",3,"1,33",4,"1,78",0,0,,,1,"0,44",1.0,"0,44",83,"36,09",135,"58,70",1,"0,43",3,"1,30",6,"2,61",0,0,0,0,1,"0,43",1,"0,43",,0
Carrodano,La Spezia,Liguria,https://elezioni.interno.gov.it/risultati/20241117/regionali/scrutini/italia/070390100,53,"25,24",6,"2,86",10,"4,76",5,"2,38",1,"0,48",27,"12,86",24,"11,43",9,"4,29",38,"18,10",13,"6,19",13,"6,19",3,"1,43",1,"0,48",0,0,0,0,6,"2,86",0,0,,,1,"0,48",0.0,0,111,"49,12",104,"46,02",0,0,1,"0,44",7,"3,10",0,0,1,"0,44",2,"0,88",0,0,,0
Castelnuovo Magra,La Spezia,Liguria,https://elezioni.interno.gov.it/risultati/20241117/regionali/scrutini/italia/070390110,1172,"39,34",79,"2,65",110,"3,69",124,"4,16",41,"1,38",22,"0,74",416,"13,96",96,"3,22",372,"12,49",239,"8,02",148,"4,97",31,"1,04",10,"0,34",24,"0,81",34,"1,14",36,"1,21",11,"0,37",,,9,"0,30",5.0,"0,17",1622,"52,00",1365,"43,76",25,"0,80",38,"1,22",30,"0,96",12,"0,38",7,"0,22",13,"0,42",7,"0,22",,0
Deiva Marina,La Spezia,Liguria,https://elezioni.interno.gov.it/risultati/20241117/regionali/scrutini/italia/070390120,133,"22,62",7,"1,19",23,"3,91",16,"2,72",1,"0,17",10,"1,70",49,"8,33",36,"6,12",165,"28,06",40,"6,80",46,"7,82",8,"1,36",2,"0,34",2,"0,34",1,"0,17",43,"7,31",1,"0,17",,,5,"0,85",0.0,0,215,"34,57",369,"59,32",1,"0,16",1,"0,16",26,"4,18",1,"0,16",2,"0,32",7,"1,13",0,0,,0
Follo,La Spezia,Liguria,https://elezioni.interno.gov.it/risultati/20241117/regionali/scrutini/italia/070390130,564,"23,92",74,"3,14",107,"4,54",89,"3,77",27,"1,15",45,"1,91",244,"10,35",44,"1,87",89,"3,77",111,"4,71",859,"36,43",17,"0,72",7,"0,30",30,"1,27",13,"0,55",26,"1,10",4,"0,17",,,5,"0,21",3.0,"0,13",970,"39,88",1379,"56,70",29,"1,19",13,"0,53",26,"1,07",4,"0,16",3,"0,12",5,"0,21",3,"0,12",,0
Framura,La Spezia,Liguria,https://elezioni.interno.gov.it/risultati/20241117/regionali/scrutini/italia/070390140,63,"21,95",6,"2,09",10,"3,48",10,"3,48",1,"0,35",6,"2,09",26,"9,06",14,"4,88",99,"34,49",24,"8,36",9,"3,14",3,"1,05",0,0,0,0,1,"0,35",9,"3,14",0,0,,,6,"2,09",0.0,0,107,"35,67",182,"60,67",0,0,1,"0,33",4,"1,33",0,0,0,0,6,"2,00",0,0,,0
La Spezia,La Spezia,Liguria,https://elezioni.interno.gov.it/risultati/20241117/regionali/scrutini/italia/070390150,9881,"30,08",1329,"4,05",2948,"8,97",1360,"4,14",621,"1,89",585,"1,78",5863,"17,85",1511,"4,60",2073,"6,31",2319,"7,06",2547,"7,75",493,"1,50",314,"0,96",343,"1,04",177,"0,54",273,"0,83",86,"0,26",,,64,"0,19",67.0,"0,20",17610,"51,11",15770,"45,77",340,"0,99",192,"0,56",274,"0,80",94,"0,27",29,"0,08",71,"0,21",73,"0,21",,0
Lerici,La Spezia,Liguria,https://elezioni.interno.gov.it/risultati/20241117/regionali/scrutini/italia/070390160,1143,"27,03",167,"3,95",286,"6,76",139,"3,29",51,"1,21",269,"6,36",1273,"30,10",91,"2,15",189,"4,47",226,"5,34",224,"5,30",35,"0,83",12,"0,28",32,"0,76",34,"0,80",39,"0,92",10,"0,24",,,5,"0,12",4.0,"0,09",2176,"49,34",2104,"47,71",34,"0,77",39,"0,88",35,"0,79",11,"0,25",3,"0,07",5,"0,11",3,"0,07",,0
Levanto,La Spezia,Liguria,https://elezioni.interno.gov.it/risultati/20241117/regionali/scrutini/italia/070390170,562,"25,36",59,"2,66",97,"4,38",71,"3,20",16,"0,72",248,"11,19",297,"13,40",85,"3,84",371,"16,74",148,"6,68",117,"5,28",49,"2,21",13,"0,59",12,"0,54",15,"0,68",25,"1,13",0,0,,,24,"1,08",7.0,"0,32",1104,"47,12",1146,"48,91",12,"0,51",17,"0,73",24,"1,02",1,"0,04",3,"0,13",28,"1,20",8,"0,34",,0
Maissana,La Spezia,Liguria,https://elezioni.interno.gov.it/risultati/20241117/regionali/scrutini/italia/070390180,56,"26,17",4,"1,87",3,"1,40",4,"1,87",1,"0,47",25,"11,68",44,"20,56",7,"3,27",24,"11,21",9,"4,21",21,"9,81",1,"0,47",1,"0,47",9,"4,21",2,"0,93",2,"0,93",1,"0,47",,,0,0,0.0,0,96,"44,04",101,"46,33",9,"4,13",9,"4,13",2,"0,92",1,"0,46",0,0,0,0,0,0,,0
Monterosso Al Mare,La Spezia,Liguria,https://elezioni.interno.gov.it/risultati/20241117/regionali/scrutini/italia/070390190,66,"12,20",16,"2,96",18,"3,33",10,"1,85",3,"0,55",181,"33,46",79,"14,60",11,"2,03",75,"13,86",35,"6,47",24,"4,44",7,"1,29",3,"0,55",2,"0,37",0,0,4,"0,74",0,0,,,7,"1,29",0.0,0,301,"53,09",251,"44,27",2,"0,35",0,0,6,"1,06",0,0,0,0,7,"1,23",0,0,,0
Luni,La Spezia,Liguria,https://elezioni.interno.gov.it/risultati/20241117/regionali/scrutini/italia/070390200,1445,"52,53",44,"1,60",66,"2,40",104,"3,78",26,"0,95",33,"1,20",411,"14,94",56,"2,04",166,"6,03",164,"5,96",143,"5,20",24,"0,87",6,"0,22",4,"0,15",23,"0,84",25,"0,91",1,"0,04",,,9,"0,33",1.0,"0,04",1749,"61,48",1018,"35,78",6,"0,21",25,"0,88",26,"0,91",2,"0,07",2,"0,07",11,"0,39",6,"0,21",,0
Pignone,La Spezia,Liguria,https://elezioni.interno.gov.it/risultati/20241117/regionali/scrutini/italia/070390210,51,"18,68",5,"1,83",35,"12,82",8,"2,93",1,"0,37",18,"6,59",24,"8,79",10,"3,66",85,"31,14",14,"5,13",12,"4,40",4,"1,47",3,"1,10",0,0,0,0,0,0,2,"0,73",,,1,"0,37",0.0,0,116,"41,13",160,"56,74",0,0,3,"1,06",0,0,2,"0,71",0,0,1,"0,35",0,0,,0
Portovenere,La Spezia,Liguria,https://elezioni.interno.gov.it/risultati/20241117/regionali/scrutini/italia/070390220,400,"28,11",53,"3,72",100,"7,03",41,"2,88",25,"1,76",35,"2,46",313,"22,00",48,"3,37",105,"7,38",90,"6,32",117,"8,22",24,"1,69",6,"0,42",29,"2,04",13,"0,91",18,"1,26",4,"0,28",,,0,0,2.0,"0,14",682,"46,36",724,"49,22",30,"2,04",13,"0,88",16,"1,09",4,"0,27",0,0,0,0,2,"0,14",,0
Ricco' Del Golfo Di Spezia,La Spezia,Liguria,https://elezioni.interno.gov.it/risultati/20241117/regionali/scrutini/italia/070390230,350,"25,14",55,"3,95",124,"8,91",77,"5,53",28,"2,01",58,"4,17",214,"15,37",52,"3,74",203,"14,58",81,"5,82",89,"6,39",12,"0,86",10,"0,72",21,"1,51",3,"0,22",7,"0,50",1,"0,07",,,5,"0,36",2.0,"0,14",719,"49,76",682,"47,20",23,"1,59",4,"0,28",8,"0,55",1,"0,07",2,"0,14",4,"0,28",2,"0,14",,0
Riomaggiore,La Spezia,Liguria,https://elezioni.interno.gov.it/risultati/20241117/regionali/scrutini/italia/070390240,260,"37,79",21,"3,05",74,"10,76",19,"2,76",14,"2,03",77,"11,19",52,"7,56",25,"3,63",47,"6,83",30,"4,36",21,"3,05",9,"1,31",0,0,5,"0,73",12,"1,74",11,"1,60",9,"1,31",,,1,"0,15",1.0,"0,15",469,"66,52",196,"27,80",4,"0,57",13,"1,84",12,"1,70",8,"1,13",1,"0,14",1,"0,14",1,"0,14",,0
Rocchetta Di Vara,La Spezia,Liguria,https://elezioni.interno.gov.it/risultati/20241117/regionali/scrutini/italia/070390250,44,"16,36",9,"3,35",5,"1,86",1,"0,37",2,"0,74",39,"14,50",49,"18,22",8,"2,97",61,"22,68",24,"8,92",14,"5,20",6,"2,23",0,0,0,0,1,"0,37",1,"0,37",2,"0,74",,,2,"0,74",1.0,"0,37",116,"38,03",182,"59,67",0,0,1,"0,33",1,"0,33",2,"0,66",0,0,2,"0,66",1,"0,33",,0
Santo Stefano Di Magra,La Spezia,Liguria,https://elezioni.interno.gov.it/risultati/20241117/regionali/scrutini/italia/070390260,1388,"37,34",109,"2,93",133,"3,58",184,"4,95",62,"1,67",34,"0,91",578,"15,55",88,"2,37",187,"5,03",455,"12,24",269,"7,24",73,"1,96",22,"0,59",18,"0,48",23,"0,62",68,"1,83",12,"0,32",,,6,"0,16",8.0,"0,22",1974,"51,21",1718,"44,57",25,"0,65",30,"0,78",65,"1,69",18,"0,47",6,"0,16",7,"0,18",12,"0,31",,0
Sarzana,La Spezia,Liguria,https://elezioni.interno.gov.it/risultati/20241117/regionali/scrutini/italia/070390270,2956,"34,27",196,"2,27",467,"5,41",445,"5,16",371,"4,30",177,"2,05",1468,"17,02",185,"2,14",955,"11,07",498,"5,77",418,"4,85",85,"0,99",37,"0,43",38,"0,44",80,"0,93",168,"1,95",38,"0,44",,,29,"0,34",15.0,"0,17",4774,"53,20",3809,"42,45",47,"0,52",82,"0,91",162,"1,81",43,"0,48",12,"0,13",29,"0,32",15,"0,17",,0
Sesta Godano,La Spezia,Liguria,https://elezioni.interno.gov.it/risultati/20241117/regionali/scrutini/italia/070390280,83,"13,09",28,"4,42",9,"1,42",16,"2,52",4,"0,63",236,"37,22",86,"13,56",22,"3,47",63,"9,94",29,"4,57",27,"4,26",7,"1,10",0,0,12,"1,89",4,"0,63",2,"0,32",2,"0,32",,,3,"0,47",1.0,"0,16",385,"57,38",259,"38,60",13,"1,94",4,"0,60",2,"0,30",2,"0,30",2,"0,30",3,"0,45",1,"0,15",,0
Varese Ligure,La Spezia,Liguria,https://elezioni.interno.gov.it/risultati/20241117/regionali/scrutini/italia/070390290,248,"30,24",15,"1,83",16,"1,95",13,"1,59",2,"0,24",84,"10,24",112,"13,66",37,"4,51",142,"17,32",52,"6,34",45,"5,49",15,"1,83",6,"0,73",10,"1,22",7,"0,85",7,"0,85",0,0,,,1,"0,12",8.0,"0,98",376,"43,67",443,"51,45",13,"1,51",8,"0,93",10,"1,16",0,0,3,"0,35",1,"0,12",7,"0,81",,0
Vernazza,La Spezia,Liguria,https://elezioni.interno.gov.it/risultati/20241117/regionali/scrutini/italia/070390300,62,"16,62",23,"6,17",7,"1,88",5,"1,34",7,"1,88",135,"36,19",24,"6,43",11,"2,95",37,"9,92",32,"8,58",10,"2,68",6,"1,61",1,"0,27",2,"0,54",1,"0,27",2,"0,54",3,"0,80",,,5,"1,34",0.0,0,242,"63,85",125,"32,98",2,"0,53",1,"0,26",2,"0,53",3,"0,79",0,0,4,"1,06",0,0,,0
Vezzano Ligure,La Spezia,Liguria,https://elezioni.interno.gov.it/risultati/20241117/regionali/scrutini/italia/070390310,1007,"35,67",99,"3,51",184,"6,52",114,"4,04",43,"1,52",46,"1,63",451,"15,98",68,"2,41",148,"5,24",333,"11,80",181,"6,41",34,"1,20",23,"0,81",27,"0,96",5,"0,18",30,"1,06",15,"0,53",,,7,"0,25",8.0,"0,28",1561,"52,72",1296,"43,77",32,"1,08",7,"0,24",33,"1,11",15,"0,51",2,"0,07",8,"0,27",7,"0,24",,0
Zignago,La Spezia,Liguria,https://elezioni.interno.gov.it/risultati/20241117/regionali/scrutini/italia/070390320,41,"18,89",5,"2,30",1,"0,46",2,"0,92",2,"0,92",17,"7,83",73,"33,64",8,"3,69",21,"9,68",19,"8,76",16,"7,37",1,"0,46",2,"0,92",1,"0,46",5,"2,30",2,"0,92",1,"0,46",,,0,0,0.0,0,75,"32,75",146,"63,76",1,"0,44",5,"2,18",1,"0,44",1,"0,44",0,0,0,0,0,0,,0
Alassio,Savona,Liguria,https://elezioni.interno.gov.it/risultati/20241117/regionali/scrutini/italia/070740010,459,"12,67",90,"2,48",884,"24,39",44,"1,21",22,"0,61",10,"0,28",1154,"31,84",74,"2,04",254,"7,01",215,"5,93",317,"8,75",26,"0,72",1,"0,03",6,"0,17",22,"0,61",4,"0,11",4,"0,11",4.0,"0,11",34,"0,94",,,1554,"40,82",2141,"56,24",11,"0,29",27,"0,71",6,"0,16",8,"0,21",8,"0,21",38,"1,00",14,"0,37",,0
Albenga,Savona,Liguria,https://elezioni.interno.gov.it/risultati/20241117/regionali/scrutini/italia/070740020,2844,"34,05",488,"5,84",334,"4,00",151,"1,81",30,"0,36",38,"0,45",1054,"12,62",165,"1,98",808,"9,67",838,"10,03",1326,"15,88",28,"0,34",24,"0,29",36,"0,43",69,"0,83",21,"0,25",27,"0,32",18.0,"0,22",53,"0,63",,,3891,"44,70",4544,"52,21",44,"0,51",83,"0,95",29,"0,33",31,"0,36",20,"0,23",57,"0,65",5,"0,06",,0
Albissola Marina,Savona,Liguria,https://elezioni.interno.gov.it/risultati/20241117/regionali/scrutini/italia/070740030,766,"33,63",74,"3,25",138,"6,06",122,"5,36",49,"2,15",20,"0,88",309,"13,56",49,"2,15",292,"12,82",164,"7,20",203,"8,91",11,"0,48",2,"0,09",15,"0,66",20,"0,88",21,"0,92",6,"0,26",12.0,"0,53",5,"0,22",,,1245,"50,69",1123,"45,72",16,"0,65",19,"0,77",21,"0,86",8,"0,33",13,"0,53",5,"0,20",6,"0,24",,0
Albisola Superiore,Savona,Liguria,https://elezioni.interno.gov.it/risultati/20241117/regionali/scrutini/italia/070740040,1216,"31,67",109,"2,84",220,"5,73",230,"5,99",73,"1,90",42,"1,09",430,"11,20",122,"3,18",522,"13,59",470,"12,24",222,"5,78",21,"0,55",7,"0,18",26,"0,68",52,"1,35",34,"0,89",19,"0,49",17.0,"0,44",8,"0,21",,,2053,"49,43",1922,"46,28",26,"0,63",52,"1,25",38,"0,92",19,"0,46",23,"0,55",10,"0,24",10,"0,24",,0
Altare,Savona,Liguria,https://elezioni.interno.gov.it/risultati/20241117/regionali/scrutini/italia/070740050,168,"31,17",15,"2,78",26,"4,82",20,"3,71",7,"1,30",9,"1,67",79,"14,66",17,"3,15",65,"12,06",59,"10,95",48,"8,91",4,"0,74",0,0,2,"0,37",10,"1,86",5,"0,93",1,"0,19",3.0,"0,56",1,"0,19",,,256,"44,76",288,"50,35",2,"0,35",12,"2,10",6,"1,05",1,"0,17",3,"0,52",1,"0,17",3,"0,52",,0
Andora,Savona,Liguria,https://elezioni.interno.gov.it/risultati/20241117/regionali/scrutini/italia/070740060,399,"15,70",68,"2,68",165,"6,49",138,"5,43",17,"0,67",11,"0,43",462,"18,18",342,"13,46",216,"8,50",203,"7,99",382,"15,03",20,"0,79",8,"0,31",3,"0,12",14,"0,55",10,"0,39",18,"0,71",2.0,"0,08",63,"2,48",,,839,"31,41",1709,"63,98",12,"0,45",16,"0,60",11,"0,41",19,"0,71",2,"0,07",60,"2,25",3,"0,11",,0
Arnasco,Savona,Liguria,https://elezioni.interno.gov.it/risultati/20241117/regionali/scrutini/italia/070740070,49,"23,22",21,"9,95",6,"2,84",10,"4,74",0,0,2,"0,95",34,"16,11",4,"1,90",29,"13,74",34,"16,11",15,"7,11",1,"0,47",0,0,1,"0,47",2,"0,95",1,"0,47",0,0,0.0,0,2,"0,95",,,91,"41,74",120,"55,05",1,"0,46",2,"0,92",1,"0,46",0,0,0,0,2,"0,92",1,"0,46",,0
Balestrino,Savona,Liguria,https://elezioni.interno.gov.it/risultati/20241117/regionali/scrutini/italia/070740080,37,"17,13",7,"3,24",12,"5,56",4,"1,85",0,0,0,0,20,"9,26",8,"3,70",17,"7,87",86,"39,81",17,"7,87",1,"0,46",0,0,2,"0,93",0,0,0,0,1,"0,46",1.0,"0,46",3,"1,39",,,66,"29,60",149,"66,82",2,"0,90",0,0,0,0,1,"0,45",2,"0,90",3,"1,35",0,0,,0
Bardineto,Savona,Liguria,https://elezioni.interno.gov.it/risultati/20241117/regionali/scrutini/italia/070740090,45,"17,37",6,"2,32",10,"3,86",6,"2,32",1,"0,39",4,"1,54",40,"15,44",7,"2,70",32,"12,36",53,"20,46",38,"14,67",3,"1,16",1,"0,39",0,0,8,"3,09",1,"0,39",0,0,2.0,"0,77",2,"0,77",,,76,"27,94",181,"66,54",1,"0,37",9,"3,31",1,"0,37",0,0,2,"0,74",2,"0,74",0,0,,0
Bergeggi,Savona,Liguria,https://elezioni.interno.gov.it/risultati/20241117/regionali/scrutini/italia/070740100,213,"43,92",12,"2,47",26,"5,36",16,"3,30",5,"1,03",1,"0,21",73,"15,05",9,"1,86",61,"12,58",20,"4,12",32,"6,60",0,0,0,0,3,"0,62",6,"1,24",3,"0,62",1,"0,21",2.0,"0,41",2,"0,41",,,282,"55,40",206,"40,47",3,"0,59",6,"1,18",3,"0,59",2,"0,39",2,"0,39",3,"0,59",2,"0,39",,0
Boissano,Savona,Liguria,https://elezioni.interno.gov.it/risultati/20241117/regionali/scrutini/italia/070740110,167,"17,77",44,"4,68",67,"7,13",33,"3,51",6,"0,64",7,"0,74",207,"22,02",24,"2,55",77,"8,19",143,"15,21",132,"14,04",4,"0,43",0,0,5,"0,53",10,"1,06",3,"0,32",2,"0,21",4.0,"0,43",5,"0,53",,,348,"34,87",616,"61,72",5,"0,50",11,"1,10",6,"0,60",3,"0,30",4,"0,40",5,"0,50",0,0,,0
Borghetto Santo Spirito,Savona,Liguria,https://elezioni.interno.gov.it/risultati/20241117/regionali/scrutini/italia/070740120,220,"15,41",29,"2,03",72,"5,04",60,"4,20",6,"0,42",14,"0,98",222,"15,55",25,"1,75",96,"6,72",457,"32,00",139,"9,73",16,"1,12",1,"0,07",12,"0,84",15,"1,05",5,"0,35",0,0,6.0,"0,42",33,"2,31",,,417,"27,76",1007,"67,04",12,"0,80",17,"1,13",6,"0,40",0,0,8,"0,53",35,"2,33",0,0,,0
Borgio Verezzi,Savona,Liguria,https://elezioni.interno.gov.it/risultati/20241117/regionali/scrutini/italia/070740130,187,"22,61",38,"4,59",25,"3,02",23,"2,78",41,"4,96",6,"0,73",150,"18,14",19,"2,30",81,"9,79",119,"14,39",93,"11,25",6,"0,73",2,"0,24",3,"0,36",12,"1,45",7,"0,85",2,"0,24",9.0,"1,09",4,"0,48",,,340,"38,99",494,"56,65",2,"0,23",12,"1,38",7,"0,80",3,"0,34",9,"1,03",4,"0,46",1,"0,11",,0
Bormida,Savona,Liguria,https://elezioni.interno.gov.it/risultati/20241117/regionali/scrutini/italia/070740140,28,"22,95",0,0,4,"3,28",3,"2,46",0,0,6,"4,92",18,"14,75",0,0,11,"9,02",10,"8,20",35,"28,69",0,0,2,"1,64",2,"1,64",1,"0,82",2,"1,64",0,0,0.0,0,0,0,,,42,"32,81",79,"61,72",2,"1,56",2,"1,56",2,"1,56",0,0,0,0,0,0,1,"0,78",,0
Cairo Montenotte,Savona,Liguria,https://elezioni.interno.gov.it/risultati/20241117/regionali/scrutini/italia/070740150,1179,"33,86",132,"3,79",146,"4,19",130,"3,73",23,"0,66",198,"5,69",523,"15,02",94,"2,70",373,"10,71",297,"8,53",244,"7,01",14,"0,40",7,"0,20",20,"0,57",29,"0,83",20,"0,57",21,"0,60",18.0,"0,52",14,"0,40",,,1889,"51,46",1636,"44,57",24,"0,65",32,"0,87",22,"0,60",27,"0,74",22,"0,60",14,"0,38",5,"0,14",,0
Calice Ligure,Savona,Liguria,https://elezioni.interno.gov.it/risultati/20241117/regionali/scrutini/italia/070740160,146,"22,88",19,"2,98",111,"17,40",26,"4,08",20,"3,13",10,"1,57",104,"16,30",19,"2,98",53,"8,31",66,"10,34",43,"6,74",0,0,1,"0,16",5,"0,78",2,"0,31",2,"0,31",5,"0,78",4.0,"0,63",2,"0,31",,,350,"49,86",327,"46,58",5,"0,71",1,"0,14",3,"0,43",5,"0,71",6,"0,85",2,"0,28",3,"0,43",,0
Calizzano,Savona,Liguria,https://elezioni.interno.gov.it/risultati/20241117/regionali/scrutini/italia/070740170,122,"24,80",22,"4,47",19,"3,86",9,"1,83",1,"0,20",7,"1,42",87,"17,68",13,"2,64",54,"10,98",48,"9,76",78,"15,85",5,"1,02",0,0,5,"1,02",6,"1,22",8,"1,63",0,0,5.0,"1,02",3,"0,61",,,190,"36,26",304,"58,02",5,"0,95",6,"1,15",8,"1,53",1,"0,19",6,"1,15",4,"0,76",0,0,,0
Carcare,Savona,Liguria,https://elezioni.interno.gov.it/risultati/20241117/regionali/scrutini/italia/070740180,740,"38,93",61,"3,21",55,"2,89",51,"2,68",9,"0,47",133,"7,00",233,"12,26",37,"1,95",138,"7,26",97,"5,10",255,"13,41",11,"0,58",3,"0,16",15,"0,79",20,"1,05",20,"1,05",6,"0,32",9.0,"0,47",8,"0,42",,,1095,"55,36",799,"40,39",15,"0,76",20,"1,01",20,"1,01",6,"0,30",9,"0,46",8,"0,40",6,"0,30",,0
Casanova Lerrone,Savona,Liguria,https://elezioni.interno.gov.it/risultati/20241117/regionali/scrutini/italia/070740190,57,"30,32",8,"4,26",19,"10,11",2,"1,06",0,0,1,"0,53",23,"12,23",5,"2,66",28,"14,89",27,"14,36",11,"5,85",1,"0,53",0,0,0,0,0,0,1,"0,53",0,0,1.0,"0,53",4,"2,13",,,85,"42,08",110,"54,46",1,"0,50",0,0,1,"0,50",0,0,1,"0,50",4,"1,98",0,0,,0
Castelbianco,Savona,Liguria,https://elezioni.interno.gov.it/risultati/20241117/regionali/scrutini/italia/070740200,17,"13,82",14,"11,38",6,"4,88",4,"3,25",0,0,1,"0,81",11,"8,94",18,"14,63",8,"6,50",25,"20,33",13,"10,57",1,"0,81",0,0,0,0,1,"0,81",3,"2,44",0,0,0.0,0,1,"0,81",,,46,"36,22",76,"59,84",0,0,1,"0,79",3,"2,36",0,0,0,0,1,"0,79",0,0,,0
Castelvecchio Di Rocca Barbena,Savona,Liguria,https://elezioni.interno.gov.it/risultati/20241117/regionali/scrutini/italia/070740210,11,"14,86",0,0,0,0,1,"1,35",0,0,0,0,1,"1,35",0,0,4,"5,41",29,"39,19",27,"36,49",0,0,0,0,0,0,0,0,1,"1,35",0,0,0.0,0,0,0,,,12,"16,22",61,"82,43",0,0,0,0,1,"1,35",0,0,0,0,0,0,0,0,,0
Celle Ligure,Savona,Liguria,https://elezioni.interno.gov.it/risultati/20241117/regionali/scrutini/italia/070740220,614,"30,17",80,"3,93",135,"6,63",76,"3,73",26,"1,28",25,"1,23",275,"13,51",70,"3,44",370,"18,18",107,"5,26",125,"6,14",22,"1,08",4,"0,20",36,"1,77",25,"1,23",20,"0,98",14,"0,69",6.0,"0,29",5,"0,25",,,1047,"47,33",1050,"47,47",36,"1,63",27,"1,22",18,"0,81",12,"0,54",9,"0,41",6,"0,27",7,"0,32",,0
Cengio,Savona,Liguria,https://elezioni.interno.gov.it/risultati/20241117/regionali/scrutini/italia/070740230,271,"23,40",37,"3,20",22,"1,90",17,"1,47",4,"0,35",46,"3,97",109,"9,41",42,"3,63",442,"38,17",71,"6,13",51,"4,40",7,"0,60",3,"0,26",7,"0,60",11,"0,95",4,"0,35",7,"0,60",5.0,"0,43",2,"0,17",,,413,"34,65",738,"61,91",7,"0,59",13,"1,09",5,"0,42",8,"0,67",5,"0,42",2,"0,17",1,"0,08",,0
Ceriale,Savona,Liguria,https://elezioni.interno.gov.it/risultati/20241117/regionali/scrutini/italia/070740240,321,"18,35",91,"5,20",69,"3,95",47,"2,69",14,"0,80",13,"0,74",308,"17,61",37,"2,12",158,"9,03",317,"18,12",248,"14,18",11,"0,63",4,"0,23",9,"0,51",10,"0,57",13,"0,74",26,"1,49",11.0,"0,63",42,"2,40",,,587,"31,71",1156,"62,45",7,"0,38",10,"0,54",14,"0,76",28,"1,51",9,"0,49",40,"2,16",0,0,,0
Cisano Sul Neva,Savona,Liguria,https://elezioni.interno.gov.it/risultati/20241117/regionali/scrutini/italia/070740250,125,"13,30",324,"34,47",16,"1,70",9,"0,96",7,"0,74",1,"0,11",126,"13,40",21,"2,23",93,"9,89",108,"11,49",74,"7,87",5,"0,53",0,0,7,"0,74",9,"0,96",7,"0,74",4,"0,43",2.0,"0,21",2,"0,21",,,475,"49,69",447,"46,76",7,"0,73",9,"0,94",9,"0,94",4,"0,42",3,"0,31",2,"0,21",0,0,,0
Cosseria,Savona,Liguria,https://elezioni.interno.gov.it/risultati/20241117/regionali/scrutini/italia/070740260,82,"19,81",18,"4,35",7,"1,69",7,"1,69",1,"0,24",141,"34,06",51,"12,32",7,"1,69",37,"8,94",22,"5,31",25,"6,04",2,"0,48",0,0,7,"1,69",3,"0,72",1,"0,24",1,"0,24",2.0,"0,48",0,0,,,267,"61,66",152,"35,10",7,"1,62",3,"0,69",1,"0,23",1,"0,23",2,"0,46",0,0,0,0,,0
Dego,Savona,Liguria,https://elezioni.interno.gov.it/risultati/20241117/regionali/scrutini/italia/070740270,138,"25,37",21,"3,86",20,"3,68",14,"2,57",2,"0,37",25,"4,60",56,"10,29",19,"3,49",108,"19,85",71,"13,05",45,"8,27",7,"1,29",1,"0,18",4,"0,74",3,"0,55",4,"0,74",3,"0,55",3.0,"0,55",0,0,,,231,"40,17",328,"57,04",4,"0,70",3,"0,52",3,"0,52",3,"0,52",3,"0,52",0,0,0,0,,0
Erli,Savona,Liguria,https://elezioni.interno.gov.it/risultati/20241117/regionali/scrutini/italia/070740280,12,"14,12",3,"3,53",10,"11,76",3,"3,53",0,0,1,"1,18",4,"4,71",4,"4,71",35,"41,18",8,"9,41",1,"1,18",0,0,2,"2,35",0,0,2,"2,35",0,0,0,0,0.0,0,0,0,,,29,"31,87",59,"64,84",0,0,2,"2,20",1,"1,10",0,0,0,0,0,0,0,0,,0
Finale Ligure,Savona,Liguria,https://elezioni.interno.gov.it/risultati/20241117/regionali/scrutini/italia/070740290,893,"22,96",172,"4,42",367,"9,43",111,"2,85",99,"2,54",27,"0,69",679,"17,46",125,"3,21",451,"11,59",419,"10,77",371,"9,54",12,"0,31",5,"0,13",12,"0,31",53,"1,36",20,"0,51",20,"0,51",40.0,"1,03",14,"0,36",,,1827,"41,90",2335,"53,56",16,"0,37",65,"1,49",26,"0,60",26,"0,60",44,"1,01",16,"0,37",5,"0,11",,0
Garlenda,Savona,Liguria,https://elezioni.interno.gov.it/risultati/20241117/regionali/scrutini/italia/070740300,89,"19,87",12,"2,68",39,"8,71",8,"1,79",4,"0,89",4,"0,89",80,"17,86",11,"2,46",69,"15,40",64,"14,29",41,"9,15",8,"1,79",2,"0,45",2,"0,45",6,"1,34",3,"0,67",1,"0,22",3.0,"0,67",2,"0,45",,,158,"33,40",298,"63,00",2,"0,42",6,"1,27",3,"0,63",1,"0,21",3,"0,63",2,"0,42",0,0,,0
Giustenice,Savona,Liguria,https://elezioni.interno.gov.it/risultati/20241117/regionali/scrutini/italia/070740310,70,"17,95",15,"3,85",20,"5,13",19,"4,87",3,"0,77",3,"0,77",110,"28,21",8,"2,05",31,"7,95",60,"15,38",30,"7,69",0,0,1,"0,26",2,"0,51",9,"2,31",3,"0,77",0,0,3.0,"0,77",3,"0,77",,,142,"34,38",251,"60,77",2,"0,48",9,"2,18",3,"0,73",0,0,3,"0,73",3,"0,73",0,0,,0
Giusvalla,Savona,Liguria,https://elezioni.interno.gov.it/risultati/20241117/regionali/scrutini/italia/070740320,27,"21,26",1,"0,79",5,"3,94",5,"3,94",0,0,5,"3,94",12,"9,45",4,"3,15",20,"15,75",33,"25,98",8,"6,30",0,0,0,0,1,"0,79",2,"1,57",0,0,0,0,3.0,"2,36",1,"0,79",,,45,"32,85",85,"62,04",1,"0,73",2,"1,46",0,0,0,0,3,"2,19",1,"0,73",0,0,,0
Laigueglia,Savona,Liguria,https://elezioni.interno.gov.it/risultati/20241117/regionali/scrutini/italia/070740330,90,"16,89",14,"2,63",46,"8,63",14,"2,63",21,"3,94",1,"0,19",107,"20,08",45,"8,44",50,"9,38",57,"10,69",54,"10,13",7,"1,31",1,"0,19",1,"0,19",11,"2,06",1,"0,19",9,"1,69",1.0,"0,19",3,"0,56",,,202,"34,47",356,"60,75",2,"0,34",11,"1,88",1,"0,17",9,"1,54",1,"0,17",4,"0,68",0,0,,0
Loano,Savona,Liguria,https://elezioni.interno.gov.it/risultati/20241117/regionali/scrutini/italia/070740340,696,"18,66",83,"2,23",144,"3,86",140,"3,75",36,"0,97",16,"0,43",687,"18,42",83,"2,23",290,"7,77",668,"17,91",755,"20,24",21,"0,56",9,"0,24",11,"0,29",25,"0,67",12,"0,32",18,"0,48",17.0,"0,46",19,"0,51",,,1199,"30,37",2626,"66,51",14,"0,35",28,"0,71",13,"0,33",20,"0,51",18,"0,46",21,"0,53",9,"0,23",,0
Magliolo,Savona,Liguria,https://elezioni.interno.gov.it/risultati/20241117/regionali/scrutini/italia/070740350,65,"18,68",14,"4,02",23,"6,61",11,"3,16",11,"3,16",3,"0,86",75,"21,55",7,"2,01",37,"10,63",50,"14,37",36,"10,34",1,"0,29",0,0,1,"0,29",8,"2,30",1,"0,29",0,0,4.0,"1,15",1,"0,29",,,133,"36,64",216,"59,50",1,"0,28",7,"1,93",1,"0,28",0,0,4,"1,10",1,"0,28",0,0,,0
Mallare,Savona,Liguria,https://elezioni.interno.gov.it/risultati/20241117/regionali/scrutini/italia/070740360,74,"22,84",19,"5,86",7,"2,16",13,"4,01",4,"1,23",14,"4,32",30,"9,26",8,"2,47",57,"17,59",35,"10,80",44,"13,58",7,"2,16",1,"0,31",3,"0,93",2,"0,62",1,"0,31",4,"1,23",1.0,"0,31",0,0,,,154,"42,42",196,"53,99",3,"0,83",2,"0,55",2,"0,55",4,"1,10",1,"0,28",1,"0,28",0,0,,0
Massimino,Savona,Liguria,https://elezioni.interno.gov.it/risultati/20241117/regionali/scrutini/italia/070740370,1,"2,13",0,0,0,0,0,0,0,0,0,0,4,"8,51",0,0,2,"4,26",37,"78,72",1,"2,13",0,0,0,0,1,"2,13",0,0,1,"2,13",0,0,0.0,0,0,0,,,2,"4,17",44,"91,67",1,"2,08",0,0,0,0,0,0,0,0,0,0,1,"2,08",,0
Millesimo,Savona,Liguria,https://elezioni.interno.gov.it/risultati/20241117/regionali/scrutini/italia/070740380,363,"30,87",40,"3,40",29,"2,47",30,"2,55",10,"0,85",100,"8,50",208,"17,69",24,"2,04",150,"12,76",63,"5,36",101,"8,59",12,"1,02",1,"0,09",9,"0,77",17,"1,45",9,"0,77",3,"0,26",7.0,"0,60",0,0,,,589,"48,20",586,"47,95",8,"0,65",16,"1,31",8,"0,65",3,"0,25",9,"0,74",0,0,3,"0,25",,0
Mioglia,Savona,Liguria,https://elezioni.interno.gov.it/risultati/20241117/regionali/scrutini/italia/070740390,32,"17,20",5,"2,69",8,"4,30",12,"6,45",2,"1,08",9,"4,84",23,"12,37",2,"1,08",23,"12,37",54,"29,03",9,"4,84",0,0,0,0,2,"1,08",1,"0,54",2,"1,08",0,0,1.0,"0,54",1,"0,54",,,79,"38,35",117,"56,80",2,"0,97",1,"0,49",2,"0,97",0,0,2,"0,97",1,"0,49",2,"0,97",,0
Murialdo,Savona,Liguria,https://elezioni.interno.gov.it/risultati/20241117/regionali/scrutini/italia/070740400,101,"35,69",4,"1,41",23,"8,13",6,"2,12",0,0,19,"6,71",29,"10,25",10,"3,53",36,"12,72",27,"9,54",14,"4,95",5,"1,77",1,"0,35",0,0,1,"0,35",2,"0,71",1,"0,35",4.0,"1,41",0,0,,,161,"54,39",126,"42,57",0,0,2,"0,68",2,"0,68",1,"0,34",4,"1,35",0,0,0,0,,0
Nasino,Savona,Liguria,https://elezioni.interno.gov.it/risultati/20241117/regionali/scrutini/italia/070740410,15,"21,43",3,"4,29",2,"2,86",3,"4,29",0,0,0,0,6,"8,57",3,"4,29",9,"12,86",6,"8,57",21,"30,00",0,0,0,0,0,0,0,0,0,0,0,0,2.0,"2,86",0,0,,,23,"30,67",50,"66,67",0,0,0,0,0,0,0,0,2,"2,67",0,0,0,0,,0
Noli,Savona,Liguria,https://elezioni.interno.gov.it/risultati/20241117/regionali/scrutini/italia/070740420,307,"33,33",21,"2,28",43,"4,67",42,"4,56",8,"0,87",10,"1,09",153,"16,61",27,"2,93",96,"10,42",104,"11,29",74,"8,03",9,"0,98",2,"0,22",6,"0,65",7,"0,76",3,"0,33",0,0,6.0,"0,65",3,"0,33",,,450,"46,01",498,"50,92",8,"0,82",7,"0,72",6,"0,61",0,0,6,"0,61",3,"0,31",0,0,,0
Onzo,Savona,Liguria,https://elezioni.interno.gov.it/risultati/20241117/regionali/scrutini/italia/070740430,18,"18,37",8,"8,16",8,"8,16",0,0,1,"1,02",1,"1,02",11,"11,22",2,"2,04",7,"7,14",13,"13,27",26,"26,53",1,"1,02",0,0,1,"1,02",1,"1,02",0,0,0,0,0.0,0,0,0,,,39,"37,50",62,"59,62",1,"0,96",1,"0,96",0,0,0,0,0,0,0,0,1,"0,96",,0
Orco Feglino,Savona,Liguria,https://elezioni.interno.gov.it/risultati/20241117/regionali/scrutini/italia/070740440,104,"28,73",11,"3,04",22,"6,08",17,"4,70",5,"1,38",3,"0,83",50,"13,81",12,"3,31",42,"11,60",54,"14,92",27,"7,46",3,"0,83",0,0,0,0,4,"1,10",4,"1,10",0,0,2.0,"0,55",2,"0,55",,,173,"44,70",199,"51,42",2,"0,52",5,"1,29",4,"1,03",0,0,2,"0,52",2,"0,52",0,0,,0
Ortovero,Savona,Liguria,https://elezioni.interno.gov.it/risultati/20241117/regionali/scrutini/italia/070740450,110,"19,57",30,"5,34",35,"6,23",10,"1,78",5,"0,89",6,"1,07",70,"12,46",16,"2,85",103,"18,33",91,"16,19",65,"11,57",2,"0,36",1,"0,18",4,"0,71",4,"0,71",2,"0,36",0,0,1.0,"0,18",7,"1,25",,,195,"33,68",364,"62,87",4,"0,69",4,"0,69",2,"0,35",0,0,1,"0,17",8,"1,38",1,"0,17",,0
Osiglia,Savona,Liguria,https://elezioni.interno.gov.it/risultati/20241117/regionali/scrutini/italia/070740460,25,"18,38",6,"4,41",5,"3,68",7,"5,15",1,"0,74",5,"3,68",21,"15,44",1,"0,74",23,"16,91",9,"6,62",19,"13,97",6,"4,41",3,"2,21",2,"1,47",0,0,1,"0,74",0,0,1.0,"0,74",1,"0,74",,,49,"33,79",86,"59,31",3,"2,07",2,"1,38",1,"0,69",0,0,2,"1,38",1,"0,69",1,"0,69",,0
Pallare,Savona,Liguria,https://elezioni.interno.gov.it/risultati/20241117/regionali/scrutini/italia/070740470,62,"21,68",9,"3,15",4,"1,40",12,"4,20",2,"0,70",22,"7,69",43,"15,03",12,"4,20",38,"13,29",37,"12,94",34,"11,89",2,"0,70",0,0,1,"0,35",0,0,4,"1,40",1,"0,35",3.0,"1,05",0,0,,,119,"39,27",174,"57,43",1,"0,33",0,0,4,"1,32",1,"0,33",3,"0,99",0,0,1,"0,33",,0
Piana Crixia,Savona,Liguria,https://elezioni.interno.gov.it/risultati/20241117/regionali/scrutini/italia/070740480,48,"25,53",3,"1,60",8,"4,26",1,"0,53",1,"0,53",4,"2,13",34,"18,09",8,"4,26",27,"14,36",31,"16,49",15,"7,98",0,0,1,"0,53",1,"0,53",4,"2,13",0,0,1,"0,53",0.0,0,1,"0,53",,,69,"35,38",119,"61,03",1,"0,51",4,"2,05",0,0,1,"0,51",0,0,1,"0,51",0,0,,0
Pietra Ligure,Savona,Liguria,https://elezioni.interno.gov.it/risultati/20241117/regionali/scrutini/italia/070740490,602,"21,74",150,"5,42",126,"4,55",107,"3,86",56,"2,02",9,"0,33",725,"26,18",81,"2,93",230,"8,31",388,"14,01",184,"6,64",15,"0,54",4,"0,14",14,"0,51",25,"0,90",14,"0,51",10,"0,36",24.0,"0,87",5,"0,18",,,1112,"37,49",1741,"58,70",15,"0,51",32,"1,08",17,"0,57",10,"0,34",27,"0,91",4,"0,13",8,"0,27",,0
Plodio,Savona,Liguria,https://elezioni.interno.gov.it/risultati/20241117/regionali/scrutini/italia/070740500,69,"28,28",6,"2,46",7,"2,87",10,"4,10",2,"0,82",19,"7,79",40,"16,39",7,"2,87",26,"10,66",24,"9,84",29,"11,89",2,"0,82",2,"0,82",0,0,0,0,0,0,1,"0,41",0.0,0,0,0,,,116,"45,67",136,"53,54",0,0,0,0,0,0,1,"0,39",1,"0,39",0,0,0,0,,0
Pontinvrea,Savona,Liguria,https://elezioni.interno.gov.it/risultati/20241117/regionali/scrutini/italia/070740510,56,"14,89",14,"3,72",16,"4,26",21,"5,59",3,"0,80",5,"1,33",33,"8,78",4,"1,06",24,"6,38",173,"46,01",10,"2,66",3,"0,80",0,0,2,"0,53",3,"0,80",5,"1,33",0,0,3.0,"0,80",1,"0,27",,,120,"31,41",248,"64,92",2,"0,52",3,"0,79",5,"1,31",0,0,3,"0,79",1,"0,26",0,0,,0
Quiliano,Savona,Liguria,https://elezioni.interno.gov.it/risultati/20241117/regionali/scrutini/italia/070740520,1223,"44,10",129,"4,65",295,"10,64",158,"5,70",35,"1,26",33,"1,19",273,"9,84",44,"1,59",186,"6,71",108,"3,89",115,"4,15",11,"0,40",3,"0,11",61,"2,20",33,"1,19",29,"1,05",4,"0,14",24.0,"0,87",9,"0,32",,,1976,"66,69",815,"27,51",59,"1,99",35,"1,18",31,"1,05",6,"0,20",26,"0,88",11,"0,37",4,"0,13",,0
Rialto,Savona,Liguria,https://elezioni.interno.gov.it/risultati/20241117/regionali/scrutini/italia/070740530,52,"28,42",8,"4,37",11,"6,01",8,"4,37",3,"1,64",3,"1,64",36,"19,67",5,"2,73",17,"9,29",16,"8,74",11,"6,01",3,"1,64",0,0,3,"1,64",1,"0,55",3,"1,64",0,0,2.0,"1,09",1,"0,55",,,95,"46,57",97,"47,55",5,"2,45",1,"0,49",3,"1,47",0,0,2,"0,98",1,"0,49",0,0,,0
Roccavignale,Savona,Liguria,https://elezioni.interno.gov.it/risultati/20241117/regionali/scrutini/italia/070740540,88,"28,95",11,"3,62",7,"2,30",12,"3,95",1,"0,33",17,"5,59",38,"12,50",7,"2,30",68,"22,37",14,"4,61",32,"10,53",2,"0,66",0,0,1,"0,33",2,"0,66",1,"0,33",1,"0,33",1.0,"0,33",1,"0,33",,,141,"44,48",168,"53,00",2,"0,63",2,"0,63",1,"0,32",1,"0,32",1,"0,32",1,"0,32",0,0,,0
Sassello,Savona,Liguria,https://elezioni.interno.gov.it/risultati/20241117/regionali/scrutini/italia/070740550,166,"23,68",38,"5,42",44,"6,28",28,"3,99",5,"0,71",30,"4,28",50,"7,13",11,"1,57",123,"17,55",116,"16,55",49,"6,99",6,"0,86",0,0,8,"1,14",11,"1,57",8,"1,14",2,"0,29",5.0,"0,71",1,"0,14",,,336,"45,28",374,"50,40",7,"0,94",11,"1,48",5,"0,67",2,"0,27",5,"0,67",1,"0,13",1,"0,13",,0
Savona,Savona,Liguria,https://elezioni.interno.gov.it/risultati/20241117/regionali/scrutini/italia/070740560,7505,"36,01",895,"4,29",1878,"9,01",1117,"5,36",479,"2,30",240,"1,15",2829,"13,57",453,"2,17",2090,"10,03",1099,"5,27",1174,"5,63",104,"0,50",48,"0,23",193,"0,93",286,"1,37",220,"1,06",78,"0,37",102.0,"0,49",53,"0,25",,,12932,"57,96",8373,"37,53",208,"0,93",295,"1,32",204,"0,91",90,"0,40",107,"0,48",59,"0,26",43,"0,19",,0
Spotorno,Savona,Liguria,https://elezioni.interno.gov.it/risultati/20241117/regionali/scrutini/italia/070740570,426,"33,07",38,"2,95",72,"5,59",32,"2,48",21,"1,63",9,"0,70",220,"17,08",32,"2,48",153,"11,88",82,"6,37",151,"11,72",9,"0,70",2,"0,16",8,"0,62",10,"0,78",12,"0,93",1,"0,08",8.0,"0,62",2,"0,16",,,624,"44,80",723,"51,90",9,"0,65",10,"0,72",16,"1,15",1,"0,07",7,"0,50",2,"0,14",1,"0,07",,0
Stella,Savona,Liguria,https://elezioni.interno.gov.it/risultati/20241117/regionali/scrutini/italia/070740580,300,"26,98",27,"2,43",71,"6,38",84,"7,55",14,"1,26",24,"2,16",113,"10,16",25,"2,25",149,"13,40",133,"11,96",101,"9,08",5,"0,45",0,0,10,"0,90",15,"1,35",14,"1,26",14,"1,26",12.0,"1,08",1,"0,09",,,554,"46,17",572,"47,67",11,"0,92",17,"1,42",11,"0,92",16,"1,33",14,"1,17",2,"0,17",3,"0,25",,0
Stellanello,Savona,Liguria,https://elezioni.interno.gov.it/risultati/20241117/regionali/scrutini/italia/070740590,41,"15,19",4,"1,48",22,"8,15",20,"7,41",2,"0,74",0,0,62,"22,96",21,"7,78",17,"6,30",36,"13,33",35,"12,96",0,0,2,"0,74",0,0,3,"1,11",1,"0,37",0,0,0.0,0,4,"1,48",,,92,"32,06",184,"64,11",1,"0,35",3,"1,05",2,"0,70",0,0,0,0,4,"1,39",1,"0,35",,0
Testico,Savona,Liguria,https://elezioni.interno.gov.it/risultati/20241117/regionali/scrutini/italia/070740600,5,"6,76",1,"1,35",8,"10,81",2,"2,70",0,0,0,0,6,"8,11",9,"12,16",10,"13,51",17,"22,97",12,"16,22",0,0,3,"4,05",0,0,0,0,0,0,0,0,0.0,0,1,"1,35",,,16,"21,05",57,"75,00",0,0,0,0,1,"1,32",0,0,0,0,1,"1,32",1,"1,32",,0
Toirano,Savona,Liguria,https://elezioni.interno.gov.it/risultati/20241117/regionali/scrutini/italia/070740610,172,"17,34",23,"2,32",53,"5,34",34,"3,43",13,"1,31",4,"0,40",191,"19,25",16,"1,61",113,"11,39",204,"20,56",124,"12,50",5,"0,50",1,"0,10",6,"0,60",8,"0,81",7,"0,71",2,"0,20",7.0,"0,71",9,"0,91",,,323,"30,36",700,"65,79",6,"0,56",8,"0,75",8,"0,75",2,"0,19",8,"0,75",9,"0,85",0,0,,0
Tovo San Giacomo,Savona,Liguria,https://elezioni.interno.gov.it/risultati/20241117/regionali/scrutini/italia/070740620,176,"17,74",47,"4,74",56,"5,65",35,"3,53",28,"2,82",4,"0,40",206,"20,77",31,"3,13",104,"10,48",145,"14,62",105,"10,58",6,"0,60",2,"0,20",8,"0,81",18,"1,81",7,"0,71",3,"0,30",9.0,"0,91",2,"0,20",,,366,"35,06",627,"60,06",8,"0,77",19,"1,82",8,"0,77",3,"0,29",9,"0,86",2,"0,19",2,"0,19",,0
Urbe,Savona,Liguria,https://elezioni.interno.gov.it/risultati/20241117/regionali/scrutini/italia/070740630,45,"17,44",18,"6,98",7,"2,71",5,"1,94",1,"0,39",43,"16,67",42,"16,28",9,"3,49",42,"16,28",20,"7,75",17,"6,59",0,0,1,"0,39",2,"0,78",5,"1,94",0,0,0,0,1.0,"0,39",0,0,,,129,"45,10",146,"51,05",3,"1,05",5,"1,75",1,"0,35",0,0,1,"0,35",0,0,1,"0,35",,0
Vado Ligure,Savona,Liguria,https://elezioni.interno.gov.it/risultati/20241117/regionali/scrutini/italia/070740640,1253,"43,24",113,"3,90",164,"5,66",199,"6,87",43,"1,48",26,"0,90",321,"11,08",64,"2,21",243,"8,39",109,"3,76",122,"4,21",12,"0,41",2,"0,07",116,"4,00",30,"1,04",35,"1,21",6,"0,21",25.0,"0,86",15,"0,52",,,1888,"61,12",963,"31,18",108,"3,50",34,"1,10",42,"1,36",7,"0,23",27,"0,87",14,"0,45",6,"0,19",,0
Varazze,Savona,Liguria,https://elezioni.interno.gov.it/risultati/20241117/regionali/scrutini/italia/070740650,1181,"23,35",150,"2,97",207,"4,09",204,"4,03",74,"1,46",61,"1,21",629,"12,44",148,"2,93",1344,"26,58",246,"4,86",609,"12,04",34,"0,67",7,"0,14",29,"0,57",33,"0,65",28,"0,55",36,"0,71",23.0,"0,45",14,"0,28",,,2036,"37,43",3203,"58,88",29,"0,53",42,"0,77",34,"0,63",40,"0,74",28,"0,51",14,"0,26",14,"0,26",,0
Vendone,Savona,Liguria,https://elezioni.interno.gov.it/risultati/20241117/regionali/scrutini/italia/070740660,36,"24,32",7,"4,73",8,"5,41",6,"4,05",1,"0,68",0,0,13,"8,78",2,"1,35",20,"13,51",23,"15,54",24,"16,22",4,"2,70",0,0,2,"1,35",1,"0,68",0,0,0,0,1.0,"0,68",0,0,,,58,"37,66",91,"59,09",2,"1,30",1,"0,65",0,0,0,0,1,"0,65",1,"0,65",0,0,,0
Vezzi Portio,Savona,Liguria,https://elezioni.interno.gov.it/risultati/20241117/regionali/scrutini/italia/070740670,110,"37,80",6,"2,06",25,"8,59",15,"5,15",2,"0,69",4,"1,37",51,"17,53",12,"4,12",21,"7,22",20,"6,87",14,"4,81",2,"0,69",0,0,2,"0,69",3,"1,03",0,0,0,0,2.0,"0,69",2,"0,69",,,168,"54,90",129,"42,16",1,"0,33",3,"0,98",0,0,0,0,2,"0,65",2,"0,65",1,"0,33",,0
Villanova D'Albenga,Savona,Liguria,https://elezioni.interno.gov.it/risultati/20241117/regionali/scrutini/italia/070740680,250,"24,75",44,"4,36",64,"6,34",26,"2,57",6,"0,59",7,"0,69",182,"18,02",37,"3,66",155,"15,35",81,"8,02",120,"11,88",4,"0,40",1,"0,10",3,"0,30",8,"0,79",4,"0,40",6,"0,59",4.0,"0,40",8,"0,79",,,404,"37,51",629,"58,40",3,"0,28",12,"1,11",7,"0,65",8,"0,74",6,"0,56",6,"0,56",2,"0,19",,0
Zuccarello,Savona,Liguria,https://elezioni.interno.gov.it/risultati/20241117/regionali/scrutini/italia/070740690,31,"20,95",10,"6,76",10,"6,76",2,"1,35",1,"0,68",0,0,6,"4,05",1,"0,68",8,"5,41",74,"50,00",2,"1,35",1,"0,68",0,0,1,"0,68",1,"0,68",0,0,0,0,0.0,0,0,0,,,54,"36,49",92,"62,16",1,"0,68",1,"0,68",0,0,0,0,0,0,0,0,0,0,,0
