Comune,Candidate,Total_Votes,Percentage
ALTO RENO TERME,BONACCINI STEFANO,Eletto pres.,0%
ALTO RENO TERME,N/A,0,0%
ALTO RENO TERME,N/A,0,0%
ALTO RENO TERME,N/A,0,0%
ALTO RENO TERME,N/A,0,0%
ALTO RENO TERME,N/A,0,0%
ALTO RENO TERME,N/A,0,0%
ALTO RENO TERME,N/A,Totale coalizione,0%
ALTO RENO TERME,BORGONZONI LUCIA,Eletto cons.,0%
ALTO RENO TERME,N/A,0,0%
ALTO RENO TERME,N/A,0,0%
ALTO RENO TERME,N/A,0,0%
ALTO RENO TERME,N/A,0,0%
ALTO RENO TERME,N/A,0,0%
ALTO RENO TERME,N/A,Totale coalizione,0%
ALTO RENO TERME,BENINI SIMONE,0,0%
ALTO RENO TERME,N/A,0,0%
ALTO RENO TERME,BERGAMINI LAURA,0,0%
ALTO RENO TERME,N/A,0,0%
ALTO RENO TERME,BATTAGLIA DOMENICO,0,0%
ALTO RENO TERME,N/A,0,0%
ALTO RENO TERME,COLLOT MARTA,0,0%
ALTO RENO TERME,N/A,0,0%
ALTO RENO TERME,LUGLI STEFANO,0,0%
ALTO RENO TERME,N/A,0,0%
ALTO RENO TERME,N/A,0,3.803
ALTO RENO TERME,N/A,0,3.663
ANZOLA DELL'EMILIA,BONACCINI STEFANO,Eletto pres.,0%
ANZOLA DELL'EMILIA,N/A,0,0%
ANZOLA DELL'EMILIA,N/A,0,0%
ANZOLA DELL'EMILIA,N/A,0,0%
ANZOLA DELL'EMILIA,N/A,0,0%
ANZOLA DELL'EMILIA,N/A,0,0%
ANZOLA DELL'EMILIA,N/A,0,0%
ANZOLA DELL'EMILIA,N/A,Totale coalizione,0%
ANZOLA DELL'EMILIA,BORGONZONI LUCIA,Eletto cons.,0%
ANZOLA DELL'EMILIA,N/A,0,0%
ANZOLA DELL'EMILIA,N/A,0,0%
ANZOLA DELL'EMILIA,N/A,0,0%
ANZOLA DELL'EMILIA,N/A,0,0%
ANZOLA DELL'EMILIA,N/A,0,0%
ANZOLA DELL'EMILIA,N/A,Totale coalizione,0%
ANZOLA DELL'EMILIA,BENINI SIMONE,0,0%
ANZOLA DELL'EMILIA,N/A,0,0%
ANZOLA DELL'EMILIA,BERGAMINI LAURA,0,0%
ANZOLA DELL'EMILIA,N/A,0,0%
ANZOLA DELL'EMILIA,BATTAGLIA DOMENICO,0,0%
ANZOLA DELL'EMILIA,N/A,0,0%
ANZOLA DELL'EMILIA,COLLOT MARTA,0,0%
ANZOLA DELL'EMILIA,N/A,0,0%
ANZOLA DELL'EMILIA,LUGLI STEFANO,0,0%
ANZOLA DELL'EMILIA,N/A,0,0%
ANZOLA DELL'EMILIA,N/A,0,6.859
ANZOLA DELL'EMILIA,N/A,0,6.274
ARGELATO,BONACCINI STEFANO,Eletto pres.,0%
ARGELATO,N/A,0,0%
ARGELATO,N/A,0,0%
ARGELATO,N/A,0,0%
ARGELATO,N/A,0,0%
ARGELATO,N/A,0,0%
ARGELATO,N/A,0,0%
ARGELATO,N/A,Totale coalizione,0%
ARGELATO,BORGONZONI LUCIA,Eletto cons.,0%
ARGELATO,N/A,0,0%
ARGELATO,N/A,0,0%
ARGELATO,N/A,0,0%
ARGELATO,N/A,0,0%
ARGELATO,N/A,0,0%
ARGELATO,N/A,Totale coalizione,0%
ARGELATO,BENINI SIMONE,0,0%
ARGELATO,N/A,0,0%
ARGELATO,COLLOT MARTA,0,0%
ARGELATO,N/A,0,0%
ARGELATO,BERGAMINI LAURA,0,0%
ARGELATO,N/A,0,0%
ARGELATO,BATTAGLIA DOMENICO,0,0%
ARGELATO,N/A,0,0%
ARGELATO,LUGLI STEFANO,0,0%
ARGELATO,N/A,0,0%
ARGELATO,N/A,0,5.653
ARGELATO,N/A,0,5.162
BARICELLA,BONACCINI STEFANO,Eletto pres.,0%
BARICELLA,N/A,0,0%
BARICELLA,N/A,0,0%
BARICELLA,N/A,0,0%
BARICELLA,N/A,0,0%
BARICELLA,N/A,0,0%
BARICELLA,N/A,0,0%
BARICELLA,N/A,Totale coalizione,0%
BARICELLA,BORGONZONI LUCIA,Eletto cons.,0%
BARICELLA,N/A,0,0%
BARICELLA,N/A,0,0%
BARICELLA,N/A,0,0%
BARICELLA,N/A,0,0%
BARICELLA,N/A,0,0%
BARICELLA,N/A,Totale coalizione,0%
BARICELLA,BENINI SIMONE,0,0%
BARICELLA,N/A,0,0%
BARICELLA,BERGAMINI LAURA,0,0%
BARICELLA,N/A,0,0%
BARICELLA,COLLOT MARTA,0,0%
BARICELLA,N/A,0,0%
BARICELLA,BATTAGLIA DOMENICO,0,0%
BARICELLA,N/A,0,0%
BARICELLA,LUGLI STEFANO,0,0%
BARICELLA,N/A,0,0%
BARICELLA,N/A,0,3.603
BARICELLA,N/A,0,3.314
BENTIVOGLIO,BONACCINI STEFANO,Eletto pres.,0%
BENTIVOGLIO,N/A,0,0%
BENTIVOGLIO,N/A,0,0%
BENTIVOGLIO,N/A,0,0%
BENTIVOGLIO,N/A,0,0%
BENTIVOGLIO,N/A,0,0%
BENTIVOGLIO,N/A,0,0%
BENTIVOGLIO,N/A,Totale coalizione,0%
BENTIVOGLIO,BORGONZONI LUCIA,Eletto cons.,0%
BENTIVOGLIO,N/A,0,0%
BENTIVOGLIO,N/A,0,0%
BENTIVOGLIO,N/A,0,0%
BENTIVOGLIO,N/A,0,0%
BENTIVOGLIO,N/A,0,0%
BENTIVOGLIO,N/A,Totale coalizione,0%
BENTIVOGLIO,BENINI SIMONE,0,0%
BENTIVOGLIO,N/A,0,0%
BENTIVOGLIO,BERGAMINI LAURA,0,0%
BENTIVOGLIO,N/A,0,0%
BENTIVOGLIO,BATTAGLIA DOMENICO,0,0%
BENTIVOGLIO,N/A,0,0%
BENTIVOGLIO,COLLOT MARTA,0,0%
BENTIVOGLIO,N/A,0,0%
BENTIVOGLIO,LUGLI STEFANO,0,0%
BENTIVOGLIO,N/A,0,0%
BENTIVOGLIO,N/A,0,3.172
BENTIVOGLIO,N/A,0,2.923
BOLOGNA,BONACCINI STEFANO,Eletto pres.,0%
BOLOGNA,N/A,0,0%
BOLOGNA,N/A,0,0%
BOLOGNA,N/A,0,0%
BOLOGNA,N/A,0,0%
BOLOGNA,N/A,0,0%
BOLOGNA,N/A,0,0%
BOLOGNA,N/A,Totale coalizione,0%
BOLOGNA,BORGONZONI LUCIA,Eletto cons.,0%
BOLOGNA,N/A,0,0%
BOLOGNA,N/A,0,0%
BOLOGNA,N/A,0,0%
BOLOGNA,N/A,0,0%
BOLOGNA,N/A,0,0%
BOLOGNA,N/A,Totale coalizione,0%
BOLOGNA,BENINI SIMONE,0,0%
BOLOGNA,N/A,0,0%
BOLOGNA,COLLOT MARTA,0,0%
BOLOGNA,N/A,0,0%
BOLOGNA,BERGAMINI LAURA,0,0%
BOLOGNA,N/A,0,0%
BOLOGNA,BATTAGLIA DOMENICO,0,0%
BOLOGNA,N/A,0,0%
BOLOGNA,LUGLI STEFANO,0,0%
BOLOGNA,N/A,0,0%
BOLOGNA,N/A,0,208.893
BOLOGNA,N/A,0,190.050
BORGO TOSSIGNANO,BONACCINI STEFANO,Eletto pres.,0%
BORGO TOSSIGNANO,N/A,0,0%
BORGO TOSSIGNANO,N/A,0,0%
BORGO TOSSIGNANO,N/A,0,0%
BORGO TOSSIGNANO,N/A,0,0%
BORGO TOSSIGNANO,N/A,0,0%
BORGO TOSSIGNANO,N/A,0,0%
BORGO TOSSIGNANO,N/A,Totale coalizione,0%
BORGO TOSSIGNANO,BORGONZONI LUCIA,Eletto cons.,0%
BORGO TOSSIGNANO,N/A,0,0%
BORGO TOSSIGNANO,N/A,0,0%
BORGO TOSSIGNANO,N/A,0,0%
BORGO TOSSIGNANO,N/A,0,0%
BORGO TOSSIGNANO,N/A,0,0%
BORGO TOSSIGNANO,N/A,Totale coalizione,0%
BORGO TOSSIGNANO,BENINI SIMONE,0,0%
BORGO TOSSIGNANO,N/A,0,0%
BORGO TOSSIGNANO,BATTAGLIA DOMENICO,0,0%
BORGO TOSSIGNANO,N/A,0,0%
BORGO TOSSIGNANO,COLLOT MARTA,0,0%
BORGO TOSSIGNANO,N/A,0,0%
BORGO TOSSIGNANO,BERGAMINI LAURA,0,0%
BORGO TOSSIGNANO,N/A,0,0%
BORGO TOSSIGNANO,LUGLI STEFANO,0,0%
BORGO TOSSIGNANO,N/A,0,0%
BORGO TOSSIGNANO,N/A,0,1.633
BORGO TOSSIGNANO,N/A,0,1.555
BUDRIO,BONACCINI STEFANO,Eletto pres.,0%
BUDRIO,N/A,0,0%
BUDRIO,N/A,0,0%
BUDRIO,N/A,0,0%
BUDRIO,N/A,0,0%
BUDRIO,N/A,0,0%
BUDRIO,N/A,0,0%
BUDRIO,N/A,Totale coalizione,0%
BUDRIO,BORGONZONI LUCIA,Eletto cons.,0%
BUDRIO,N/A,0,0%
BUDRIO,N/A,0,0%
BUDRIO,N/A,0,0%
BUDRIO,N/A,0,0%
BUDRIO,N/A,0,0%
BUDRIO,N/A,Totale coalizione,0%
BUDRIO,BENINI SIMONE,0,0%
BUDRIO,N/A,0,0%
BUDRIO,BERGAMINI LAURA,0,0%
BUDRIO,N/A,0,0%
BUDRIO,COLLOT MARTA,0,0%
BUDRIO,N/A,0,0%
BUDRIO,BATTAGLIA DOMENICO,0,0%
BUDRIO,N/A,0,0%
BUDRIO,LUGLI STEFANO,0,0%
BUDRIO,N/A,0,0%
BUDRIO,N/A,0,10.198
BUDRIO,N/A,0,9.396
CALDERARA DI RENO,BONACCINI STEFANO,Eletto pres.,0%
CALDERARA DI RENO,N/A,0,0%
CALDERARA DI RENO,N/A,0,0%
CALDERARA DI RENO,N/A,0,0%
CALDERARA DI RENO,N/A,0,0%
CALDERARA DI RENO,N/A,0,0%
CALDERARA DI RENO,N/A,0,0%
CALDERARA DI RENO,N/A,Totale coalizione,0%
CALDERARA DI RENO,BORGONZONI LUCIA,Eletto cons.,0%
CALDERARA DI RENO,N/A,0,0%
CALDERARA DI RENO,N/A,0,0%
CALDERARA DI RENO,N/A,0,0%
CALDERARA DI RENO,N/A,0,0%
CALDERARA DI RENO,N/A,0,0%
CALDERARA DI RENO,N/A,Totale coalizione,0%
CALDERARA DI RENO,BENINI SIMONE,0,0%
CALDERARA DI RENO,N/A,0,0%
CALDERARA DI RENO,BERGAMINI LAURA,0,0%
CALDERARA DI RENO,N/A,0,0%
CALDERARA DI RENO,COLLOT MARTA,0,0%
CALDERARA DI RENO,N/A,0,0%
CALDERARA DI RENO,BATTAGLIA DOMENICO,0,0%
CALDERARA DI RENO,N/A,0,0%
CALDERARA DI RENO,LUGLI STEFANO,0,0%
CALDERARA DI RENO,N/A,0,0%
CALDERARA DI RENO,N/A,0,7.714
CALDERARA DI RENO,N/A,0,7.080
CAMUGNANO,BORGONZONI LUCIA,Eletto cons.,0%
CAMUGNANO,N/A,0,0%
CAMUGNANO,N/A,0,0%
CAMUGNANO,N/A,0,0%
CAMUGNANO,N/A,0,0%
CAMUGNANO,N/A,0,0%
CAMUGNANO,N/A,Totale coalizione,0%
CAMUGNANO,BONACCINI STEFANO,Eletto pres.,0%
CAMUGNANO,N/A,0,0%
CAMUGNANO,N/A,0,0%
CAMUGNANO,N/A,0,0%
CAMUGNANO,N/A,0,0%
CAMUGNANO,N/A,0,0%
CAMUGNANO,N/A,0,0%
CAMUGNANO,N/A,Totale coalizione,0%
CAMUGNANO,BENINI SIMONE,0,0%
CAMUGNANO,N/A,0,0%
CAMUGNANO,COLLOT MARTA,0,0%
CAMUGNANO,N/A,0,0%
CAMUGNANO,BATTAGLIA DOMENICO,0,0%
CAMUGNANO,N/A,0,0%
CAMUGNANO,BERGAMINI LAURA,0,0%
CAMUGNANO,N/A,0,0%
CAMUGNANO,LUGLI STEFANO,0,0%
CAMUGNANO,N/A,0,0%
CAMUGNANO,N/A,0,1.116
CAMUGNANO,N/A,0,1.079
CASALECCHIO DI RENO,BONACCINI STEFANO,Eletto pres.,0%
CASALECCHIO DI RENO,N/A,0,0%
CASALECCHIO DI RENO,N/A,0,0%
CASALECCHIO DI RENO,N/A,0,0%
CASALECCHIO DI RENO,N/A,0,0%
CASALECCHIO DI RENO,N/A,0,0%
CASALECCHIO DI RENO,N/A,0,0%
CASALECCHIO DI RENO,N/A,Totale coalizione,0%
CASALECCHIO DI RENO,BORGONZONI LUCIA,Eletto cons.,0%
CASALECCHIO DI RENO,N/A,0,0%
CASALECCHIO DI RENO,N/A,0,0%
CASALECCHIO DI RENO,N/A,0,0%
CASALECCHIO DI RENO,N/A,0,0%
CASALECCHIO DI RENO,N/A,0,0%
CASALECCHIO DI RENO,N/A,Totale coalizione,0%
CASALECCHIO DI RENO,BENINI SIMONE,0,0%
CASALECCHIO DI RENO,N/A,0,0%
CASALECCHIO DI RENO,COLLOT MARTA,0,0%
CASALECCHIO DI RENO,N/A,0,0%
CASALECCHIO DI RENO,BERGAMINI LAURA,0,0%
CASALECCHIO DI RENO,N/A,0,0%
CASALECCHIO DI RENO,BATTAGLIA DOMENICO,0,0%
CASALECCHIO DI RENO,N/A,0,0%
CASALECCHIO DI RENO,LUGLI STEFANO,0,0%
CASALECCHIO DI RENO,N/A,0,0%
CASALECCHIO DI RENO,N/A,0,20.233
CASALECCHIO DI RENO,N/A,0,18.750
CASALFIUMANESE,BONACCINI STEFANO,Eletto pres.,0%
CASALFIUMANESE,N/A,0,0%
CASALFIUMANESE,N/A,0,0%
CASALFIUMANESE,N/A,0,0%
CASALFIUMANESE,N/A,0,0%
CASALFIUMANESE,N/A,0,0%
CASALFIUMANESE,N/A,0,0%
CASALFIUMANESE,N/A,Totale coalizione,0%
CASALFIUMANESE,BORGONZONI LUCIA,Eletto cons.,0%
CASALFIUMANESE,N/A,0,0%
CASALFIUMANESE,N/A,0,0%
CASALFIUMANESE,N/A,0,0%
CASALFIUMANESE,N/A,0,0%
CASALFIUMANESE,N/A,0,0%
CASALFIUMANESE,N/A,Totale coalizione,0%
CASALFIUMANESE,BENINI SIMONE,0,0%
CASALFIUMANESE,N/A,0,0%
CASALFIUMANESE,BERGAMINI LAURA,0,0%
CASALFIUMANESE,N/A,0,0%
CASALFIUMANESE,BATTAGLIA DOMENICO,0,0%
CASALFIUMANESE,N/A,0,0%
CASALFIUMANESE,COLLOT MARTA,0,0%
CASALFIUMANESE,N/A,0,0%
CASALFIUMANESE,LUGLI STEFANO,0,0%
CASALFIUMANESE,N/A,0,0%
CASALFIUMANESE,N/A,0,1.795
CASALFIUMANESE,N/A,0,1.708
CASTEL D'AIANO,BORGONZONI LUCIA,Eletto cons.,0%
CASTEL D'AIANO,N/A,0,0%
CASTEL D'AIANO,N/A,0,0%
CASTEL D'AIANO,N/A,0,0%
CASTEL D'AIANO,N/A,0,0%
CASTEL D'AIANO,N/A,0,0%
CASTEL D'AIANO,N/A,Totale coalizione,0%
CASTEL D'AIANO,BONACCINI STEFANO,Eletto pres.,0%
CASTEL D'AIANO,N/A,0,0%
CASTEL D'AIANO,N/A,0,0%
CASTEL D'AIANO,N/A,0,0%
CASTEL D'AIANO,N/A,0,0%
CASTEL D'AIANO,N/A,0,0%
CASTEL D'AIANO,N/A,0,0%
CASTEL D'AIANO,N/A,Totale coalizione,0%
CASTEL D'AIANO,BENINI SIMONE,0,0%
CASTEL D'AIANO,N/A,0,0%
CASTEL D'AIANO,BERGAMINI LAURA,0,0%
CASTEL D'AIANO,N/A,0,0%
CASTEL D'AIANO,LUGLI STEFANO,0,0%
CASTEL D'AIANO,N/A,0,0%
CASTEL D'AIANO,COLLOT MARTA,0,0%
CASTEL D'AIANO,N/A,0,0%
CASTEL D'AIANO,BATTAGLIA DOMENICO,0,0%
CASTEL D'AIANO,N/A,0,0%
CASTEL D'AIANO,N/A,0,1.091
CASTEL D'AIANO,N/A,0,1.016
CASTEL DEL RIO,BONACCINI STEFANO,Eletto pres.,0%
CASTEL DEL RIO,N/A,0,0%
CASTEL DEL RIO,N/A,0,0%
CASTEL DEL RIO,N/A,0,0%
CASTEL DEL RIO,N/A,0,0%
CASTEL DEL RIO,N/A,0,0%
CASTEL DEL RIO,N/A,0,0%
CASTEL DEL RIO,N/A,Totale coalizione,0%
CASTEL DEL RIO,BORGONZONI LUCIA,Eletto cons.,0%
CASTEL DEL RIO,N/A,0,0%
CASTEL DEL RIO,N/A,0,0%
CASTEL DEL RIO,N/A,0,0%
CASTEL DEL RIO,N/A,0,0%
CASTEL DEL RIO,N/A,0,0%
CASTEL DEL RIO,N/A,Totale coalizione,0%
CASTEL DEL RIO,BENINI SIMONE,0,0%
CASTEL DEL RIO,N/A,0,0%
CASTEL DEL RIO,BATTAGLIA DOMENICO,0,0%
CASTEL DEL RIO,N/A,0,0%
CASTEL DEL RIO,BERGAMINI LAURA,0,0%
CASTEL DEL RIO,N/A,0,0%
CASTEL DEL RIO,LUGLI STEFANO,0,0%
CASTEL DEL RIO,N/A,0,0%
CASTEL DEL RIO,COLLOT MARTA,0,0%
CASTEL DEL RIO,N/A,0,0%
CASTEL DEL RIO,N/A,0,617
CASTEL DEL RIO,N/A,0,590
CASTEL DI CASIO,BONACCINI STEFANO,Eletto pres.,0%
CASTEL DI CASIO,N/A,0,0%
CASTEL DI CASIO,N/A,0,0%
CASTEL DI CASIO,N/A,0,0%
CASTEL DI CASIO,N/A,0,0%
CASTEL DI CASIO,N/A,0,0%
CASTEL DI CASIO,N/A,0,0%
CASTEL DI CASIO,N/A,Totale coalizione,0%
CASTEL DI CASIO,BORGONZONI LUCIA,Eletto cons.,0%
CASTEL DI CASIO,N/A,0,0%
CASTEL DI CASIO,N/A,0,0%
CASTEL DI CASIO,N/A,0,0%
CASTEL DI CASIO,N/A,0,0%
CASTEL DI CASIO,N/A,0,0%
CASTEL DI CASIO,N/A,Totale coalizione,0%
CASTEL DI CASIO,BENINI SIMONE,0,0%
CASTEL DI CASIO,N/A,0,0%
CASTEL DI CASIO,BERGAMINI LAURA,0,0%
CASTEL DI CASIO,N/A,0,0%
CASTEL DI CASIO,LUGLI STEFANO,0,0%
CASTEL DI CASIO,N/A,0,0%
CASTEL DI CASIO,COLLOT MARTA,0,0%
CASTEL DI CASIO,N/A,0,0%
CASTEL DI CASIO,BATTAGLIA DOMENICO,0,0%
CASTEL DI CASIO,N/A,0,0%
CASTEL DI CASIO,N/A,0,1.948
CASTEL DI CASIO,N/A,0,1.866
CASTEL GUELFO DI BOLOGNA,BONACCINI STEFANO,Eletto pres.,0%
CASTEL GUELFO DI BOLOGNA,N/A,0,0%
CASTEL GUELFO DI BOLOGNA,N/A,0,0%
CASTEL GUELFO DI BOLOGNA,N/A,0,0%
CASTEL GUELFO DI BOLOGNA,N/A,0,0%
CASTEL GUELFO DI BOLOGNA,N/A,0,0%
CASTEL GUELFO DI BOLOGNA,N/A,0,0%
CASTEL GUELFO DI BOLOGNA,N/A,Totale coalizione,0%
CASTEL GUELFO DI BOLOGNA,BORGONZONI LUCIA,Eletto cons.,0%
CASTEL GUELFO DI BOLOGNA,N/A,0,0%
CASTEL GUELFO DI BOLOGNA,N/A,0,0%
CASTEL GUELFO DI BOLOGNA,N/A,0,0%
CASTEL GUELFO DI BOLOGNA,N/A,0,0%
CASTEL GUELFO DI BOLOGNA,N/A,0,0%
CASTEL GUELFO DI BOLOGNA,N/A,Totale coalizione,0%
CASTEL GUELFO DI BOLOGNA,BENINI SIMONE,0,0%
CASTEL GUELFO DI BOLOGNA,N/A,0,0%
CASTEL GUELFO DI BOLOGNA,LUGLI STEFANO,0,0%
CASTEL GUELFO DI BOLOGNA,N/A,0,0%
CASTEL GUELFO DI BOLOGNA,BATTAGLIA DOMENICO,0,0%
CASTEL GUELFO DI BOLOGNA,N/A,0,0%
CASTEL GUELFO DI BOLOGNA,COLLOT MARTA,0,0%
CASTEL GUELFO DI BOLOGNA,N/A,0,0%
CASTEL GUELFO DI BOLOGNA,BERGAMINI LAURA,0,0%
CASTEL GUELFO DI BOLOGNA,N/A,0,0%
CASTEL GUELFO DI BOLOGNA,N/A,0,2.410
CASTEL GUELFO DI BOLOGNA,N/A,0,2.264
CASTEL MAGGIORE,BONACCINI STEFANO,Eletto pres.,0%
CASTEL MAGGIORE,N/A,0,0%
CASTEL MAGGIORE,N/A,0,0%
CASTEL MAGGIORE,N/A,0,0%
CASTEL MAGGIORE,N/A,0,0%
CASTEL MAGGIORE,N/A,0,0%
CASTEL MAGGIORE,N/A,0,0%
CASTEL MAGGIORE,N/A,Totale coalizione,0%
CASTEL MAGGIORE,BORGONZONI LUCIA,Eletto cons.,0%
CASTEL MAGGIORE,N/A,0,0%
CASTEL MAGGIORE,N/A,0,0%
CASTEL MAGGIORE,N/A,0,0%
CASTEL MAGGIORE,N/A,0,0%
CASTEL MAGGIORE,N/A,0,0%
CASTEL MAGGIORE,N/A,Totale coalizione,0%
CASTEL MAGGIORE,BENINI SIMONE,0,0%
CASTEL MAGGIORE,N/A,0,0%
CASTEL MAGGIORE,COLLOT MARTA,0,0%
CASTEL MAGGIORE,N/A,0,0%
CASTEL MAGGIORE,BERGAMINI LAURA,0,0%
CASTEL MAGGIORE,N/A,0,0%
CASTEL MAGGIORE,BATTAGLIA DOMENICO,0,0%
CASTEL MAGGIORE,N/A,0,0%
CASTEL MAGGIORE,LUGLI STEFANO,0,0%
CASTEL MAGGIORE,N/A,0,0%
CASTEL MAGGIORE,N/A,0,10.749
CASTEL MAGGIORE,N/A,0,9.836
CASTEL SAN PIETRO TERME,BONACCINI STEFANO,Eletto pres.,0%
CASTEL SAN PIETRO TERME,N/A,0,0%
CASTEL SAN PIETRO TERME,N/A,0,0%
CASTEL SAN PIETRO TERME,N/A,0,0%
CASTEL SAN PIETRO TERME,N/A,0,0%
CASTEL SAN PIETRO TERME,N/A,0,0%
CASTEL SAN PIETRO TERME,N/A,0,0%
CASTEL SAN PIETRO TERME,N/A,Totale coalizione,0%
CASTEL SAN PIETRO TERME,BORGONZONI LUCIA,Eletto cons.,0%
CASTEL SAN PIETRO TERME,N/A,0,0%
CASTEL SAN PIETRO TERME,N/A,0,0%
CASTEL SAN PIETRO TERME,N/A,0,0%
CASTEL SAN PIETRO TERME,N/A,0,0%
CASTEL SAN PIETRO TERME,N/A,0,0%
CASTEL SAN PIETRO TERME,N/A,Totale coalizione,0%
CASTEL SAN PIETRO TERME,BENINI SIMONE,0,0%
CASTEL SAN PIETRO TERME,N/A,0,0%
CASTEL SAN PIETRO TERME,BERGAMINI LAURA,0,0%
CASTEL SAN PIETRO TERME,N/A,0,0%
CASTEL SAN PIETRO TERME,BATTAGLIA DOMENICO,0,0%
CASTEL SAN PIETRO TERME,N/A,0,0%
CASTEL SAN PIETRO TERME,COLLOT MARTA,0,0%
CASTEL SAN PIETRO TERME,N/A,0,0%
CASTEL SAN PIETRO TERME,LUGLI STEFANO,0,0%
CASTEL SAN PIETRO TERME,N/A,0,0%
CASTEL SAN PIETRO TERME,N/A,0,11.846
CASTEL SAN PIETRO TERME,N/A,0,11.172
CASTELLO D'ARGILE,BONACCINI STEFANO,Eletto pres.,0%
CASTELLO D'ARGILE,N/A,0,0%
CASTELLO D'ARGILE,N/A,0,0%
CASTELLO D'ARGILE,N/A,0,0%
CASTELLO D'ARGILE,N/A,0,0%
CASTELLO D'ARGILE,N/A,0,0%
CASTELLO D'ARGILE,N/A,0,0%
CASTELLO D'ARGILE,N/A,Totale coalizione,0%
CASTELLO D'ARGILE,BORGONZONI LUCIA,Eletto cons.,0%
CASTELLO D'ARGILE,N/A,0,0%
CASTELLO D'ARGILE,N/A,0,0%
CASTELLO D'ARGILE,N/A,0,0%
CASTELLO D'ARGILE,N/A,0,0%
CASTELLO D'ARGILE,N/A,0,0%
CASTELLO D'ARGILE,N/A,Totale coalizione,0%
CASTELLO D'ARGILE,BENINI SIMONE,0,0%
CASTELLO D'ARGILE,N/A,0,0%
CASTELLO D'ARGILE,BERGAMINI LAURA,0,0%
CASTELLO D'ARGILE,N/A,0,0%
CASTELLO D'ARGILE,BATTAGLIA DOMENICO,0,0%
CASTELLO D'ARGILE,N/A,0,0%
CASTELLO D'ARGILE,COLLOT MARTA,0,0%
CASTELLO D'ARGILE,N/A,0,0%
CASTELLO D'ARGILE,LUGLI STEFANO,0,0%
CASTELLO D'ARGILE,N/A,0,0%
CASTELLO D'ARGILE,N/A,0,3.514
CASTELLO D'ARGILE,N/A,0,3.289
CASTENASO,BONACCINI STEFANO,Eletto pres.,0%
CASTENASO,N/A,0,0%
CASTENASO,N/A,0,0%
CASTENASO,N/A,0,0%
CASTENASO,N/A,0,0%
CASTENASO,N/A,0,0%
CASTENASO,N/A,0,0%
CASTENASO,N/A,Totale coalizione,0%
CASTENASO,BORGONZONI LUCIA,Eletto cons.,0%
CASTENASO,N/A,0,0%
CASTENASO,N/A,0,0%
CASTENASO,N/A,0,0%
CASTENASO,N/A,0,0%
CASTENASO,N/A,0,0%
CASTENASO,N/A,Totale coalizione,0%
CASTENASO,BENINI SIMONE,0,0%
CASTENASO,N/A,0,0%
CASTENASO,BERGAMINI LAURA,0,0%
CASTENASO,N/A,0,0%
CASTENASO,BATTAGLIA DOMENICO,0,0%
CASTENASO,N/A,0,0%
CASTENASO,COLLOT MARTA,0,0%
CASTENASO,N/A,0,0%
CASTENASO,LUGLI STEFANO,0,0%
CASTENASO,N/A,0,0%
CASTENASO,N/A,0,9.311
CASTENASO,N/A,0,8.558
CASTIGLIONE DEI PEPOLI,BORGONZONI LUCIA,Eletto cons.,0%
CASTIGLIONE DEI PEPOLI,N/A,0,0%
CASTIGLIONE DEI PEPOLI,N/A,0,0%
CASTIGLIONE DEI PEPOLI,N/A,0,0%
CASTIGLIONE DEI PEPOLI,N/A,0,0%
CASTIGLIONE DEI PEPOLI,N/A,0,0%
CASTIGLIONE DEI PEPOLI,N/A,Totale coalizione,0%
CASTIGLIONE DEI PEPOLI,BONACCINI STEFANO,Eletto pres.,0%
CASTIGLIONE DEI PEPOLI,N/A,0,0%
CASTIGLIONE DEI PEPOLI,N/A,0,0%
CASTIGLIONE DEI PEPOLI,N/A,0,0%
CASTIGLIONE DEI PEPOLI,N/A,0,0%
CASTIGLIONE DEI PEPOLI,N/A,0,0%
CASTIGLIONE DEI PEPOLI,N/A,0,0%
CASTIGLIONE DEI PEPOLI,N/A,Totale coalizione,0%
CASTIGLIONE DEI PEPOLI,BENINI SIMONE,0,0%
CASTIGLIONE DEI PEPOLI,N/A,0,0%
CASTIGLIONE DEI PEPOLI,BERGAMINI LAURA,0,0%
CASTIGLIONE DEI PEPOLI,N/A,0,0%
CASTIGLIONE DEI PEPOLI,COLLOT MARTA,0,0%
CASTIGLIONE DEI PEPOLI,N/A,0,0%
CASTIGLIONE DEI PEPOLI,BATTAGLIA DOMENICO,0,0%
CASTIGLIONE DEI PEPOLI,N/A,0,0%
CASTIGLIONE DEI PEPOLI,LUGLI STEFANO,0,0%
CASTIGLIONE DEI PEPOLI,N/A,0,0%
CASTIGLIONE DEI PEPOLI,N/A,0,3.138
CASTIGLIONE DEI PEPOLI,N/A,0,2.985
CREVALCORE,BONACCINI STEFANO,Eletto pres.,0%
CREVALCORE,N/A,0,0%
CREVALCORE,N/A,0,0%
CREVALCORE,N/A,0,0%
CREVALCORE,N/A,0,0%
CREVALCORE,N/A,0,0%
CREVALCORE,N/A,0,0%
CREVALCORE,N/A,Totale coalizione,0%
CREVALCORE,BORGONZONI LUCIA,Eletto cons.,0%
CREVALCORE,N/A,0,0%
CREVALCORE,N/A,0,0%
CREVALCORE,N/A,0,0%
CREVALCORE,N/A,0,0%
CREVALCORE,N/A,0,0%
CREVALCORE,N/A,Totale coalizione,0%
CREVALCORE,BENINI SIMONE,0,0%
CREVALCORE,N/A,0,0%
CREVALCORE,BERGAMINI LAURA,0,0%
CREVALCORE,N/A,0,0%
CREVALCORE,LUGLI STEFANO,0,0%
CREVALCORE,N/A,0,0%
CREVALCORE,BATTAGLIA DOMENICO,0,0%
CREVALCORE,N/A,0,0%
CREVALCORE,COLLOT MARTA,0,0%
CREVALCORE,N/A,0,0%
CREVALCORE,N/A,0,7.127
CREVALCORE,N/A,0,6.664
DOZZA,BONACCINI STEFANO,Eletto pres.,0%
DOZZA,N/A,0,0%
DOZZA,N/A,0,0%
DOZZA,N/A,0,0%
DOZZA,N/A,0,0%
DOZZA,N/A,0,0%
DOZZA,N/A,0,0%
DOZZA,N/A,Totale coalizione,0%
DOZZA,BORGONZONI LUCIA,Eletto cons.,0%
DOZZA,N/A,0,0%
DOZZA,N/A,0,0%
DOZZA,N/A,0,0%
DOZZA,N/A,0,0%
DOZZA,N/A,0,0%
DOZZA,N/A,Totale coalizione,0%
DOZZA,BENINI SIMONE,0,0%
DOZZA,N/A,0,0%
DOZZA,BATTAGLIA DOMENICO,0,0%
DOZZA,N/A,0,0%
DOZZA,BERGAMINI LAURA,0,0%
DOZZA,N/A,0,0%
DOZZA,LUGLI STEFANO,0,0%
DOZZA,N/A,0,0%
DOZZA,COLLOT MARTA,0,0%
DOZZA,N/A,0,0%
DOZZA,N/A,0,3.412
DOZZA,N/A,0,3.207
FONTANELICE,BORGONZONI LUCIA,Eletto cons.,0%
FONTANELICE,N/A,0,0%
FONTANELICE,N/A,0,0%
FONTANELICE,N/A,0,0%
FONTANELICE,N/A,0,0%
FONTANELICE,N/A,0,0%
FONTANELICE,N/A,Totale coalizione,0%
FONTANELICE,BONACCINI STEFANO,Eletto pres.,0%
FONTANELICE,N/A,0,0%
FONTANELICE,N/A,0,0%
FONTANELICE,N/A,0,0%
FONTANELICE,N/A,0,0%
FONTANELICE,N/A,0,0%
FONTANELICE,N/A,0,0%
FONTANELICE,N/A,Totale coalizione,0%
FONTANELICE,BENINI SIMONE,0,0%
FONTANELICE,N/A,0,0%
FONTANELICE,BATTAGLIA DOMENICO,0,0%
FONTANELICE,N/A,0,0%
FONTANELICE,COLLOT MARTA,0,0%
FONTANELICE,N/A,0,0%
FONTANELICE,BERGAMINI LAURA,0,0%
FONTANELICE,N/A,0,0%
FONTANELICE,LUGLI STEFANO,0,0%
FONTANELICE,N/A,0,0%
FONTANELICE,N/A,0,1.067
FONTANELICE,N/A,0,1.037
GAGGIO MONTANO,BORGONZONI LUCIA,Eletto cons.,0%
GAGGIO MONTANO,N/A,0,0%
GAGGIO MONTANO,N/A,0,0%
GAGGIO MONTANO,N/A,0,0%
GAGGIO MONTANO,N/A,0,0%
GAGGIO MONTANO,N/A,0,0%
GAGGIO MONTANO,N/A,Totale coalizione,0%
GAGGIO MONTANO,BONACCINI STEFANO,Eletto pres.,0%
GAGGIO MONTANO,N/A,0,0%
GAGGIO MONTANO,N/A,0,0%
GAGGIO MONTANO,N/A,0,0%
GAGGIO MONTANO,N/A,0,0%
GAGGIO MONTANO,N/A,0,0%
GAGGIO MONTANO,N/A,0,0%
GAGGIO MONTANO,N/A,Totale coalizione,0%
GAGGIO MONTANO,BENINI SIMONE,0,0%
GAGGIO MONTANO,N/A,0,0%
GAGGIO MONTANO,BERGAMINI LAURA,0,0%
GAGGIO MONTANO,N/A,0,0%
GAGGIO MONTANO,COLLOT MARTA,0,0%
GAGGIO MONTANO,N/A,0,0%
GAGGIO MONTANO,BATTAGLIA DOMENICO,0,0%
GAGGIO MONTANO,N/A,0,0%
GAGGIO MONTANO,LUGLI STEFANO,0,0%
GAGGIO MONTANO,N/A,0,0%
GAGGIO MONTANO,N/A,0,2.634
GAGGIO MONTANO,N/A,0,2.519
GALLIERA,BONACCINI STEFANO,Eletto pres.,0%
GALLIERA,N/A,0,0%
GALLIERA,N/A,0,0%
GALLIERA,N/A,0,0%
GALLIERA,N/A,0,0%
GALLIERA,N/A,0,0%
GALLIERA,N/A,0,0%
GALLIERA,N/A,Totale coalizione,0%
GALLIERA,BORGONZONI LUCIA,Eletto cons.,0%
GALLIERA,N/A,0,0%
GALLIERA,N/A,0,0%
GALLIERA,N/A,0,0%
GALLIERA,N/A,0,0%
GALLIERA,N/A,0,0%
GALLIERA,N/A,Totale coalizione,0%
GALLIERA,BENINI SIMONE,0,0%
GALLIERA,N/A,0,0%
GALLIERA,BERGAMINI LAURA,0,0%
GALLIERA,N/A,0,0%
GALLIERA,BATTAGLIA DOMENICO,0,0%
GALLIERA,N/A,0,0%
GALLIERA,COLLOT MARTA,0,0%
GALLIERA,N/A,0,0%
GALLIERA,LUGLI STEFANO,0,0%
GALLIERA,N/A,0,0%
GALLIERA,N/A,0,2.719
GALLIERA,N/A,0,2.524
GRANAROLO DELL'EMILIA,BONACCINI STEFANO,Eletto pres.,0%
GRANAROLO DELL'EMILIA,N/A,0,0%
GRANAROLO DELL'EMILIA,N/A,0,0%
GRANAROLO DELL'EMILIA,N/A,0,0%
GRANAROLO DELL'EMILIA,N/A,0,0%
GRANAROLO DELL'EMILIA,N/A,0,0%
GRANAROLO DELL'EMILIA,N/A,0,0%
GRANAROLO DELL'EMILIA,N/A,Totale coalizione,0%
GRANAROLO DELL'EMILIA,BORGONZONI LUCIA,Eletto cons.,0%
GRANAROLO DELL'EMILIA,N/A,0,0%
GRANAROLO DELL'EMILIA,N/A,0,0%
GRANAROLO DELL'EMILIA,N/A,0,0%
GRANAROLO DELL'EMILIA,N/A,0,0%
GRANAROLO DELL'EMILIA,N/A,0,0%
GRANAROLO DELL'EMILIA,N/A,Totale coalizione,0%
GRANAROLO DELL'EMILIA,BENINI SIMONE,0,0%
GRANAROLO DELL'EMILIA,N/A,0,0%
GRANAROLO DELL'EMILIA,BERGAMINI LAURA,0,0%
GRANAROLO DELL'EMILIA,N/A,0,0%
GRANAROLO DELL'EMILIA,LUGLI STEFANO,0,0%
GRANAROLO DELL'EMILIA,N/A,0,0%
GRANAROLO DELL'EMILIA,BATTAGLIA DOMENICO,0,0%
GRANAROLO DELL'EMILIA,N/A,0,0%
GRANAROLO DELL'EMILIA,COLLOT MARTA,0,0%
GRANAROLO DELL'EMILIA,N/A,0,0%
GRANAROLO DELL'EMILIA,N/A,0,7.148
GRANAROLO DELL'EMILIA,N/A,0,6.513
GRIZZANA MORANDI,BONACCINI STEFANO,Eletto pres.,0%
GRIZZANA MORANDI,N/A,0,0%
GRIZZANA MORANDI,N/A,0,0%
GRIZZANA MORANDI,N/A,0,0%
GRIZZANA MORANDI,N/A,0,0%
GRIZZANA MORANDI,N/A,0,0%
GRIZZANA MORANDI,N/A,0,0%
GRIZZANA MORANDI,N/A,Totale coalizione,0%
GRIZZANA MORANDI,BORGONZONI LUCIA,Eletto cons.,0%
GRIZZANA MORANDI,N/A,0,0%
GRIZZANA MORANDI,N/A,0,0%
GRIZZANA MORANDI,N/A,0,0%
GRIZZANA MORANDI,N/A,0,0%
GRIZZANA MORANDI,N/A,0,0%
GRIZZANA MORANDI,N/A,Totale coalizione,0%
GRIZZANA MORANDI,BENINI SIMONE,0,0%
GRIZZANA MORANDI,N/A,0,0%
GRIZZANA MORANDI,BERGAMINI LAURA,0,0%
GRIZZANA MORANDI,N/A,0,0%
GRIZZANA MORANDI,COLLOT MARTA,0,0%
GRIZZANA MORANDI,N/A,0,0%
GRIZZANA MORANDI,BATTAGLIA DOMENICO,0,0%
GRIZZANA MORANDI,N/A,0,0%
GRIZZANA MORANDI,LUGLI STEFANO,0,0%
GRIZZANA MORANDI,N/A,0,0%
GRIZZANA MORANDI,N/A,0,2.116
GRIZZANA MORANDI,N/A,0,1.979
IMOLA,BONACCINI STEFANO,Eletto pres.,0%
IMOLA,N/A,0,0%
IMOLA,N/A,0,0%
IMOLA,N/A,0,0%
IMOLA,N/A,0,0%
IMOLA,N/A,0,0%
IMOLA,N/A,0,0%
IMOLA,N/A,Totale coalizione,0%
IMOLA,BORGONZONI LUCIA,Eletto cons.,0%
IMOLA,N/A,0,0%
IMOLA,N/A,0,0%
IMOLA,N/A,0,0%
IMOLA,N/A,0,0%
IMOLA,N/A,0,0%
IMOLA,N/A,Totale coalizione,0%
IMOLA,BENINI SIMONE,0,0%
IMOLA,N/A,0,0%
IMOLA,COLLOT MARTA,0,0%
IMOLA,N/A,0,0%
IMOLA,BERGAMINI LAURA,0,0%
IMOLA,N/A,0,0%
IMOLA,BATTAGLIA DOMENICO,0,0%
IMOLA,N/A,0,0%
IMOLA,LUGLI STEFANO,0,0%
IMOLA,N/A,0,0%
IMOLA,N/A,0,37.542
IMOLA,N/A,0,35.022
LIZZANO IN BELVEDERE,BORGONZONI LUCIA,Eletto cons.,0%
LIZZANO IN BELVEDERE,N/A,0,0%
LIZZANO IN BELVEDERE,N/A,0,0%
LIZZANO IN BELVEDERE,N/A,0,0%
LIZZANO IN BELVEDERE,N/A,0,0%
LIZZANO IN BELVEDERE,N/A,0,0%
LIZZANO IN BELVEDERE,N/A,Totale coalizione,0%
LIZZANO IN BELVEDERE,BONACCINI STEFANO,Eletto pres.,0%
LIZZANO IN BELVEDERE,N/A,0,0%
LIZZANO IN BELVEDERE,N/A,0,0%
LIZZANO IN BELVEDERE,N/A,0,0%
LIZZANO IN BELVEDERE,N/A,0,0%
LIZZANO IN BELVEDERE,N/A,0,0%
LIZZANO IN BELVEDERE,N/A,0,0%
LIZZANO IN BELVEDERE,N/A,Totale coalizione,0%
LIZZANO IN BELVEDERE,BENINI SIMONE,0,0%
LIZZANO IN BELVEDERE,N/A,0,0%
LIZZANO IN BELVEDERE,BATTAGLIA DOMENICO,0,0%
LIZZANO IN BELVEDERE,N/A,0,0%
LIZZANO IN BELVEDERE,COLLOT MARTA,0,0%
LIZZANO IN BELVEDERE,N/A,0,0%
LIZZANO IN BELVEDERE,BERGAMINI LAURA,0,0%
LIZZANO IN BELVEDERE,N/A,0,0%
LIZZANO IN BELVEDERE,LUGLI STEFANO,0,0%
LIZZANO IN BELVEDERE,N/A,0,0%
LIZZANO IN BELVEDERE,N/A,0,1.285
LIZZANO IN BELVEDERE,N/A,0,1.212
LOIANO,BONACCINI STEFANO,Eletto pres.,0%
LOIANO,N/A,0,0%
LOIANO,N/A,0,0%
LOIANO,N/A,0,0%
LOIANO,N/A,0,0%
LOIANO,N/A,0,0%
LOIANO,N/A,0,0%
LOIANO,N/A,Totale coalizione,0%
LOIANO,BORGONZONI LUCIA,Eletto cons.,0%
LOIANO,N/A,0,0%
LOIANO,N/A,0,0%
LOIANO,N/A,0,0%
LOIANO,N/A,0,0%
LOIANO,N/A,0,0%
LOIANO,N/A,Totale coalizione,0%
LOIANO,BENINI SIMONE,0,0%
LOIANO,N/A,0,0%
LOIANO,BATTAGLIA DOMENICO,0,0%
LOIANO,N/A,0,0%
LOIANO,COLLOT MARTA,0,0%
LOIANO,N/A,0,0%
LOIANO,BERGAMINI LAURA,0,0%
LOIANO,N/A,0,0%
LOIANO,LUGLI STEFANO,0,0%
LOIANO,N/A,0,0%
LOIANO,N/A,0,2.337
LOIANO,N/A,0,2.168
MALALBERGO,BORGONZONI LUCIA,Eletto cons.,0%
MALALBERGO,N/A,0,0%
MALALBERGO,N/A,0,0%
MALALBERGO,N/A,0,0%
MALALBERGO,N/A,0,0%
MALALBERGO,N/A,0,0%
MALALBERGO,N/A,Totale coalizione,0%
MALALBERGO,BONACCINI STEFANO,Eletto pres.,0%
MALALBERGO,N/A,0,0%
MALALBERGO,N/A,0,0%
MALALBERGO,N/A,0,0%
MALALBERGO,N/A,0,0%
MALALBERGO,N/A,0,0%
MALALBERGO,N/A,0,0%
MALALBERGO,N/A,Totale coalizione,0%
MALALBERGO,BENINI SIMONE,0,0%
MALALBERGO,N/A,0,0%
MALALBERGO,BERGAMINI LAURA,0,0%
MALALBERGO,N/A,0,0%
MALALBERGO,COLLOT MARTA,0,0%
MALALBERGO,N/A,0,0%
MALALBERGO,BATTAGLIA DOMENICO,0,0%
MALALBERGO,N/A,0,0%
MALALBERGO,LUGLI STEFANO,0,0%
MALALBERGO,N/A,0,0%
MALALBERGO,N/A,0,4.715
MALALBERGO,N/A,0,4.401
MARZABOTTO,BONACCINI STEFANO,Eletto pres.,0%
MARZABOTTO,N/A,0,0%
MARZABOTTO,N/A,0,0%
MARZABOTTO,N/A,0,0%
MARZABOTTO,N/A,0,0%
MARZABOTTO,N/A,0,0%
MARZABOTTO,N/A,0,0%
MARZABOTTO,N/A,Totale coalizione,0%
MARZABOTTO,BORGONZONI LUCIA,Eletto cons.,0%
MARZABOTTO,N/A,0,0%
MARZABOTTO,N/A,0,0%
MARZABOTTO,N/A,0,0%
MARZABOTTO,N/A,0,0%
MARZABOTTO,N/A,0,0%
MARZABOTTO,N/A,Totale coalizione,0%
MARZABOTTO,BENINI SIMONE,0,0%
MARZABOTTO,N/A,0,0%
MARZABOTTO,BATTAGLIA DOMENICO,0,0%
MARZABOTTO,N/A,0,0%
MARZABOTTO,COLLOT MARTA,0,0%
MARZABOTTO,N/A,0,0%
MARZABOTTO,BERGAMINI LAURA,0,0%
MARZABOTTO,N/A,0,0%
MARZABOTTO,LUGLI STEFANO,0,0%
MARZABOTTO,N/A,0,0%
MARZABOTTO,N/A,0,3.715
MARZABOTTO,N/A,0,3.509
MEDICINA,BONACCINI STEFANO,Eletto pres.,0%
MEDICINA,N/A,0,0%
MEDICINA,N/A,0,0%
MEDICINA,N/A,0,0%
MEDICINA,N/A,0,0%
MEDICINA,N/A,0,0%
MEDICINA,N/A,0,0%
MEDICINA,N/A,Totale coalizione,0%
MEDICINA,BORGONZONI LUCIA,Eletto cons.,0%
MEDICINA,N/A,0,0%
MEDICINA,N/A,0,0%
MEDICINA,N/A,0,0%
MEDICINA,N/A,0,0%
MEDICINA,N/A,0,0%
MEDICINA,N/A,Totale coalizione,0%
MEDICINA,BENINI SIMONE,0,0%
MEDICINA,N/A,0,0%
MEDICINA,BERGAMINI LAURA,0,0%
MEDICINA,N/A,0,0%
MEDICINA,COLLOT MARTA,0,0%
MEDICINA,N/A,0,0%
MEDICINA,BATTAGLIA DOMENICO,0,0%
MEDICINA,N/A,0,0%
MEDICINA,LUGLI STEFANO,0,0%
MEDICINA,N/A,0,0%
MEDICINA,N/A,0,8.900
MEDICINA,N/A,0,8.346
MINERBIO,BONACCINI STEFANO,Eletto pres.,0%
MINERBIO,N/A,0,0%
MINERBIO,N/A,0,0%
MINERBIO,N/A,0,0%
MINERBIO,N/A,0,0%
MINERBIO,N/A,0,0%
MINERBIO,N/A,0,0%
MINERBIO,N/A,Totale coalizione,0%
MINERBIO,BORGONZONI LUCIA,Eletto cons.,0%
MINERBIO,N/A,0,0%
MINERBIO,N/A,0,0%
MINERBIO,N/A,0,0%
MINERBIO,N/A,0,0%
MINERBIO,N/A,0,0%
MINERBIO,N/A,Totale coalizione,0%
MINERBIO,BENINI SIMONE,0,0%
MINERBIO,N/A,0,0%
MINERBIO,BATTAGLIA DOMENICO,0,0%
MINERBIO,N/A,0,0%
MINERBIO,BERGAMINI LAURA,0,0%
MINERBIO,N/A,0,0%
MINERBIO,COLLOT MARTA,0,0%
MINERBIO,N/A,0,0%
MINERBIO,LUGLI STEFANO,0,0%
MINERBIO,N/A,0,0%
MINERBIO,N/A,0,4.768
MINERBIO,N/A,0,4.367
MOLINELLA,BORGONZONI LUCIA,Eletto cons.,0%
MOLINELLA,N/A,0,0%
MOLINELLA,N/A,0,0%
MOLINELLA,N/A,0,0%
MOLINELLA,N/A,0,0%
MOLINELLA,N/A,0,0%
MOLINELLA,N/A,Totale coalizione,0%
MOLINELLA,BONACCINI STEFANO,Eletto pres.,0%
MOLINELLA,N/A,0,0%
MOLINELLA,N/A,0,0%
MOLINELLA,N/A,0,0%
MOLINELLA,N/A,0,0%
MOLINELLA,N/A,0,0%
MOLINELLA,N/A,0,0%
MOLINELLA,N/A,Totale coalizione,0%
MOLINELLA,BENINI SIMONE,0,0%
MOLINELLA,N/A,0,0%
MOLINELLA,BERGAMINI LAURA,0,0%
MOLINELLA,N/A,0,0%
MOLINELLA,BATTAGLIA DOMENICO,0,0%
MOLINELLA,N/A,0,0%
MOLINELLA,COLLOT MARTA,0,0%
MOLINELLA,N/A,0,0%
MOLINELLA,LUGLI STEFANO,0,0%
MOLINELLA,N/A,0,0%
MOLINELLA,N/A,0,7.981
MOLINELLA,N/A,0,7.245
MONGHIDORO,BORGONZONI LUCIA,Eletto cons.,0%
MONGHIDORO,N/A,0,0%
MONGHIDORO,N/A,0,0%
MONGHIDORO,N/A,0,0%
MONGHIDORO,N/A,0,0%
MONGHIDORO,N/A,0,0%
MONGHIDORO,N/A,Totale coalizione,0%
MONGHIDORO,BONACCINI STEFANO,Eletto pres.,0%
MONGHIDORO,N/A,0,0%
MONGHIDORO,N/A,0,0%
MONGHIDORO,N/A,0,0%
MONGHIDORO,N/A,0,0%
MONGHIDORO,N/A,0,0%
MONGHIDORO,N/A,0,0%
MONGHIDORO,N/A,Totale coalizione,0%
MONGHIDORO,BENINI SIMONE,0,0%
MONGHIDORO,N/A,0,0%
MONGHIDORO,BERGAMINI LAURA,0,0%
MONGHIDORO,N/A,0,0%
MONGHIDORO,COLLOT MARTA,0,0%
MONGHIDORO,N/A,0,0%
MONGHIDORO,BATTAGLIA DOMENICO,0,0%
MONGHIDORO,N/A,0,0%
MONGHIDORO,LUGLI STEFANO,0,0%
MONGHIDORO,N/A,0,0%
MONGHIDORO,N/A,0,2.010
MONGHIDORO,N/A,0,1.891
MONTE SAN PIETRO,BONACCINI STEFANO,Eletto pres.,0%
MONTE SAN PIETRO,N/A,0,0%
MONTE SAN PIETRO,N/A,0,0%
MONTE SAN PIETRO,N/A,0,0%
MONTE SAN PIETRO,N/A,0,0%
MONTE SAN PIETRO,N/A,0,0%
MONTE SAN PIETRO,N/A,0,0%
MONTE SAN PIETRO,N/A,Totale coalizione,0%
MONTE SAN PIETRO,BORGONZONI LUCIA,Eletto cons.,0%
MONTE SAN PIETRO,N/A,0,0%
MONTE SAN PIETRO,N/A,0,0%
MONTE SAN PIETRO,N/A,0,0%
MONTE SAN PIETRO,N/A,0,0%
MONTE SAN PIETRO,N/A,0,0%
MONTE SAN PIETRO,N/A,Totale coalizione,0%
MONTE SAN PIETRO,BENINI SIMONE,0,0%
MONTE SAN PIETRO,N/A,0,0%
MONTE SAN PIETRO,BERGAMINI LAURA,0,0%
MONTE SAN PIETRO,N/A,0,0%
MONTE SAN PIETRO,BATTAGLIA DOMENICO,0,0%
MONTE SAN PIETRO,N/A,0,0%
MONTE SAN PIETRO,COLLOT MARTA,0,0%
MONTE SAN PIETRO,N/A,0,0%
MONTE SAN PIETRO,LUGLI STEFANO,0,0%
MONTE SAN PIETRO,N/A,0,0%
MONTE SAN PIETRO,N/A,0,6.562
MONTE SAN PIETRO,N/A,0,6.122
MONTERENZIO,BONACCINI STEFANO,Eletto pres.,0%
MONTERENZIO,N/A,0,0%
MONTERENZIO,N/A,0,0%
MONTERENZIO,N/A,0,0%
MONTERENZIO,N/A,0,0%
MONTERENZIO,N/A,0,0%
MONTERENZIO,N/A,0,0%
MONTERENZIO,N/A,Totale coalizione,0%
MONTERENZIO,BORGONZONI LUCIA,Eletto cons.,0%
MONTERENZIO,N/A,0,0%
MONTERENZIO,N/A,0,0%
MONTERENZIO,N/A,0,0%
MONTERENZIO,N/A,0,0%
MONTERENZIO,N/A,0,0%
MONTERENZIO,N/A,Totale coalizione,0%
MONTERENZIO,BENINI SIMONE,0,0%
MONTERENZIO,N/A,0,0%
MONTERENZIO,BERGAMINI LAURA,0,0%
MONTERENZIO,N/A,0,0%
MONTERENZIO,BATTAGLIA DOMENICO,0,0%
MONTERENZIO,N/A,0,0%
MONTERENZIO,COLLOT MARTA,0,0%
MONTERENZIO,N/A,0,0%
MONTERENZIO,LUGLI STEFANO,0,0%
MONTERENZIO,N/A,0,0%
MONTERENZIO,N/A,0,3.069
MONTERENZIO,N/A,0,2.852
MONZUNO,BONACCINI STEFANO,Eletto pres.,0%
MONZUNO,N/A,0,0%
MONZUNO,N/A,0,0%
MONZUNO,N/A,0,0%
MONZUNO,N/A,0,0%
MONZUNO,N/A,0,0%
MONZUNO,N/A,0,0%
MONZUNO,N/A,Totale coalizione,0%
MONZUNO,BORGONZONI LUCIA,Eletto cons.,0%
MONZUNO,N/A,0,0%
MONZUNO,N/A,0,0%
MONZUNO,N/A,0,0%
MONZUNO,N/A,0,0%
MONZUNO,N/A,0,0%
MONZUNO,N/A,Totale coalizione,0%
MONZUNO,BENINI SIMONE,0,0%
MONZUNO,N/A,0,0%
MONZUNO,BERGAMINI LAURA,0,0%
MONZUNO,N/A,0,0%
MONZUNO,COLLOT MARTA,0,0%
MONZUNO,N/A,0,0%
MONZUNO,BATTAGLIA DOMENICO,0,0%
MONZUNO,N/A,0,0%
MONZUNO,LUGLI STEFANO,0,0%
MONZUNO,N/A,0,0%
MONZUNO,N/A,0,3.335
MONZUNO,N/A,0,3.135
MORDANO,BONACCINI STEFANO,Eletto pres.,0%
MORDANO,N/A,0,0%
MORDANO,N/A,0,0%
MORDANO,N/A,0,0%
MORDANO,N/A,0,0%
MORDANO,N/A,0,0%
MORDANO,N/A,0,0%
MORDANO,N/A,Totale coalizione,0%
MORDANO,BORGONZONI LUCIA,Eletto cons.,0%
MORDANO,N/A,0,0%
MORDANO,N/A,0,0%
MORDANO,N/A,0,0%
MORDANO,N/A,0,0%
MORDANO,N/A,0,0%
MORDANO,N/A,Totale coalizione,0%
MORDANO,BENINI SIMONE,0,0%
MORDANO,N/A,0,0%
MORDANO,BERGAMINI LAURA,0,0%
MORDANO,N/A,0,0%
MORDANO,BATTAGLIA DOMENICO,0,0%
MORDANO,N/A,0,0%
MORDANO,LUGLI STEFANO,0,0%
MORDANO,N/A,0,0%
MORDANO,COLLOT MARTA,0,0%
MORDANO,N/A,0,0%
MORDANO,N/A,0,2.572
MORDANO,N/A,0,2.409
OZZANO DELL'EMILIA,BONACCINI STEFANO,Eletto pres.,0%
OZZANO DELL'EMILIA,N/A,0,0%
OZZANO DELL'EMILIA,N/A,0,0%
OZZANO DELL'EMILIA,N/A,0,0%
OZZANO DELL'EMILIA,N/A,0,0%
OZZANO DELL'EMILIA,N/A,0,0%
OZZANO DELL'EMILIA,N/A,0,0%
OZZANO DELL'EMILIA,N/A,Totale coalizione,0%
OZZANO DELL'EMILIA,BORGONZONI LUCIA,Eletto cons.,0%
OZZANO DELL'EMILIA,N/A,0,0%
OZZANO DELL'EMILIA,N/A,0,0%
OZZANO DELL'EMILIA,N/A,0,0%
OZZANO DELL'EMILIA,N/A,0,0%
OZZANO DELL'EMILIA,N/A,0,0%
OZZANO DELL'EMILIA,N/A,Totale coalizione,0%
OZZANO DELL'EMILIA,BENINI SIMONE,0,0%
OZZANO DELL'EMILIA,N/A,0,0%
OZZANO DELL'EMILIA,BERGAMINI LAURA,0,0%
OZZANO DELL'EMILIA,N/A,0,0%
OZZANO DELL'EMILIA,BATTAGLIA DOMENICO,0,0%
OZZANO DELL'EMILIA,N/A,0,0%
OZZANO DELL'EMILIA,COLLOT MARTA,0,0%
OZZANO DELL'EMILIA,N/A,0,0%
OZZANO DELL'EMILIA,LUGLI STEFANO,0,0%
OZZANO DELL'EMILIA,N/A,0,0%
OZZANO DELL'EMILIA,N/A,0,8.133
OZZANO DELL'EMILIA,N/A,0,7.454
PIANORO,BONACCINI STEFANO,Eletto pres.,0%
PIANORO,N/A,0,0%
PIANORO,N/A,0,0%
PIANORO,N/A,0,0%
PIANORO,N/A,0,0%
PIANORO,N/A,0,0%
PIANORO,N/A,0,0%
PIANORO,N/A,Totale coalizione,0%
PIANORO,BORGONZONI LUCIA,Eletto cons.,0%
PIANORO,N/A,0,0%
PIANORO,N/A,0,0%
PIANORO,N/A,0,0%
PIANORO,N/A,0,0%
PIANORO,N/A,0,0%
PIANORO,N/A,Totale coalizione,0%
PIANORO,BENINI SIMONE,0,0%
PIANORO,N/A,0,0%
PIANORO,BERGAMINI LAURA,0,0%
PIANORO,N/A,0,0%
PIANORO,BATTAGLIA DOMENICO,0,0%
PIANORO,N/A,0,0%
PIANORO,COLLOT MARTA,0,0%
PIANORO,N/A,0,0%
PIANORO,LUGLI STEFANO,0,0%
PIANORO,N/A,0,0%
PIANORO,N/A,0,10.081
PIANORO,N/A,0,9.391
PIEVE DI CENTO,BONACCINI STEFANO,Eletto pres.,0%
PIEVE DI CENTO,N/A,0,0%
PIEVE DI CENTO,N/A,0,0%
PIEVE DI CENTO,N/A,0,0%
PIEVE DI CENTO,N/A,0,0%
PIEVE DI CENTO,N/A,0,0%
PIEVE DI CENTO,N/A,0,0%
PIEVE DI CENTO,N/A,Totale coalizione,0%
PIEVE DI CENTO,BORGONZONI LUCIA,Eletto cons.,0%
PIEVE DI CENTO,N/A,0,0%
PIEVE DI CENTO,N/A,0,0%
PIEVE DI CENTO,N/A,0,0%
PIEVE DI CENTO,N/A,0,0%
PIEVE DI CENTO,N/A,0,0%
PIEVE DI CENTO,N/A,Totale coalizione,0%
PIEVE DI CENTO,BENINI SIMONE,0,0%
PIEVE DI CENTO,N/A,0,0%
PIEVE DI CENTO,BERGAMINI LAURA,0,0%
PIEVE DI CENTO,N/A,0,0%
PIEVE DI CENTO,COLLOT MARTA,0,0%
PIEVE DI CENTO,N/A,0,0%
PIEVE DI CENTO,BATTAGLIA DOMENICO,0,0%
PIEVE DI CENTO,N/A,0,0%
PIEVE DI CENTO,LUGLI STEFANO,0,0%
PIEVE DI CENTO,N/A,0,0%
PIEVE DI CENTO,N/A,0,4.089
PIEVE DI CENTO,N/A,0,3.842
SALA BOLOGNESE,BONACCINI STEFANO,Eletto pres.,0%
SALA BOLOGNESE,N/A,0,0%
SALA BOLOGNESE,N/A,0,0%
SALA BOLOGNESE,N/A,0,0%
SALA BOLOGNESE,N/A,0,0%
SALA BOLOGNESE,N/A,0,0%
SALA BOLOGNESE,N/A,0,0%
SALA BOLOGNESE,N/A,Totale coalizione,0%
SALA BOLOGNESE,BORGONZONI LUCIA,Eletto cons.,0%
SALA BOLOGNESE,N/A,0,0%
SALA BOLOGNESE,N/A,0,0%
SALA BOLOGNESE,N/A,0,0%
SALA BOLOGNESE,N/A,0,0%
SALA BOLOGNESE,N/A,0,0%
SALA BOLOGNESE,N/A,Totale coalizione,0%
SALA BOLOGNESE,BENINI SIMONE,0,0%
SALA BOLOGNESE,N/A,0,0%
SALA BOLOGNESE,BERGAMINI LAURA,0,0%
SALA BOLOGNESE,N/A,0,0%
SALA BOLOGNESE,BATTAGLIA DOMENICO,0,0%
SALA BOLOGNESE,N/A,0,0%
SALA BOLOGNESE,COLLOT MARTA,0,0%
SALA BOLOGNESE,N/A,0,0%
SALA BOLOGNESE,LUGLI STEFANO,0,0%
SALA BOLOGNESE,N/A,0,0%
SALA BOLOGNESE,N/A,0,4.866
SALA BOLOGNESE,N/A,0,4.481
SAN BENEDETTO VAL DI SAMBRO,BORGONZONI LUCIA,Eletto cons.,0%
SAN BENEDETTO VAL DI SAMBRO,N/A,0,0%
SAN BENEDETTO VAL DI SAMBRO,N/A,0,0%
SAN BENEDETTO VAL DI SAMBRO,N/A,0,0%
SAN BENEDETTO VAL DI SAMBRO,N/A,0,0%
SAN BENEDETTO VAL DI SAMBRO,N/A,0,0%
SAN BENEDETTO VAL DI SAMBRO,N/A,Totale coalizione,0%
SAN BENEDETTO VAL DI SAMBRO,BONACCINI STEFANO,Eletto pres.,0%
SAN BENEDETTO VAL DI SAMBRO,N/A,0,0%
SAN BENEDETTO VAL DI SAMBRO,N/A,0,0%
SAN BENEDETTO VAL DI SAMBRO,N/A,0,0%
SAN BENEDETTO VAL DI SAMBRO,N/A,0,0%
SAN BENEDETTO VAL DI SAMBRO,N/A,0,0%
SAN BENEDETTO VAL DI SAMBRO,N/A,0,0%
SAN BENEDETTO VAL DI SAMBRO,N/A,Totale coalizione,0%
SAN BENEDETTO VAL DI SAMBRO,BENINI SIMONE,0,0%
SAN BENEDETTO VAL DI SAMBRO,N/A,0,0%
SAN BENEDETTO VAL DI SAMBRO,BERGAMINI LAURA,0,0%
SAN BENEDETTO VAL DI SAMBRO,N/A,0,0%
SAN BENEDETTO VAL DI SAMBRO,COLLOT MARTA,0,0%
SAN BENEDETTO VAL DI SAMBRO,N/A,0,0%
SAN BENEDETTO VAL DI SAMBRO,BATTAGLIA DOMENICO,0,0%
SAN BENEDETTO VAL DI SAMBRO,N/A,0,0%
SAN BENEDETTO VAL DI SAMBRO,LUGLI STEFANO,0,0%
SAN BENEDETTO VAL DI SAMBRO,N/A,0,0%
SAN BENEDETTO VAL DI SAMBRO,N/A,0,2.338
SAN BENEDETTO VAL DI SAMBRO,N/A,0,2.215
SAN GIORGIO DI PIANO,BONACCINI STEFANO,Eletto pres.,0%
SAN GIORGIO DI PIANO,N/A,0,0%
SAN GIORGIO DI PIANO,N/A,0,0%
SAN GIORGIO DI PIANO,N/A,0,0%
SAN GIORGIO DI PIANO,N/A,0,0%
SAN GIORGIO DI PIANO,N/A,0,0%
SAN GIORGIO DI PIANO,N/A,0,0%
SAN GIORGIO DI PIANO,N/A,Totale coalizione,0%
SAN GIORGIO DI PIANO,BORGONZONI LUCIA,Eletto cons.,0%
SAN GIORGIO DI PIANO,N/A,0,0%
SAN GIORGIO DI PIANO,N/A,0,0%
SAN GIORGIO DI PIANO,N/A,0,0%
SAN GIORGIO DI PIANO,N/A,0,0%
SAN GIORGIO DI PIANO,N/A,0,0%
SAN GIORGIO DI PIANO,N/A,Totale coalizione,0%
SAN GIORGIO DI PIANO,BENINI SIMONE,0,0%
SAN GIORGIO DI PIANO,N/A,0,0%
SAN GIORGIO DI PIANO,BERGAMINI LAURA,0,0%
SAN GIORGIO DI PIANO,N/A,0,0%
SAN GIORGIO DI PIANO,COLLOT MARTA,0,0%
SAN GIORGIO DI PIANO,N/A,0,0%
SAN GIORGIO DI PIANO,BATTAGLIA DOMENICO,0,0%
SAN GIORGIO DI PIANO,N/A,0,0%
SAN GIORGIO DI PIANO,LUGLI STEFANO,0,0%
SAN GIORGIO DI PIANO,N/A,0,0%
SAN GIORGIO DI PIANO,N/A,0,4.933
SAN GIORGIO DI PIANO,N/A,0,4.527
SAN GIOVANNI IN PERSICETO,BONACCINI STEFANO,Eletto pres.,0%
SAN GIOVANNI IN PERSICETO,N/A,0,0%
SAN GIOVANNI IN PERSICETO,N/A,0,0%
SAN GIOVANNI IN PERSICETO,N/A,0,0%
SAN GIOVANNI IN PERSICETO,N/A,0,0%
SAN GIOVANNI IN PERSICETO,N/A,0,0%
SAN GIOVANNI IN PERSICETO,N/A,0,0%
SAN GIOVANNI IN PERSICETO,N/A,Totale coalizione,0%
SAN GIOVANNI IN PERSICETO,BORGONZONI LUCIA,Eletto cons.,0%
SAN GIOVANNI IN PERSICETO,N/A,0,0%
SAN GIOVANNI IN PERSICETO,N/A,0,0%
SAN GIOVANNI IN PERSICETO,N/A,0,0%
SAN GIOVANNI IN PERSICETO,N/A,0,0%
SAN GIOVANNI IN PERSICETO,N/A,0,0%
SAN GIOVANNI IN PERSICETO,N/A,Totale coalizione,0%
SAN GIOVANNI IN PERSICETO,BENINI SIMONE,0,0%
SAN GIOVANNI IN PERSICETO,N/A,0,0%
SAN GIOVANNI IN PERSICETO,BERGAMINI LAURA,0,0%
SAN GIOVANNI IN PERSICETO,N/A,0,0%
SAN GIOVANNI IN PERSICETO,COLLOT MARTA,0,0%
SAN GIOVANNI IN PERSICETO,N/A,0,0%
SAN GIOVANNI IN PERSICETO,BATTAGLIA DOMENICO,0,0%
SAN GIOVANNI IN PERSICETO,N/A,0,0%
SAN GIOVANNI IN PERSICETO,LUGLI STEFANO,0,0%
SAN GIOVANNI IN PERSICETO,N/A,0,0%
SAN GIOVANNI IN PERSICETO,N/A,0,16.122
SAN GIOVANNI IN PERSICETO,N/A,0,14.925
SAN LAZZARO DI SAVENA,BONACCINI STEFANO,Eletto pres.,0%
SAN LAZZARO DI SAVENA,N/A,0,0%
SAN LAZZARO DI SAVENA,N/A,0,0%
SAN LAZZARO DI SAVENA,N/A,0,0%
SAN LAZZARO DI SAVENA,N/A,0,0%
SAN LAZZARO DI SAVENA,N/A,0,0%
SAN LAZZARO DI SAVENA,N/A,0,0%
SAN LAZZARO DI SAVENA,N/A,Totale coalizione,0%
SAN LAZZARO DI SAVENA,BORGONZONI LUCIA,Eletto cons.,0%
SAN LAZZARO DI SAVENA,N/A,0,0%
SAN LAZZARO DI SAVENA,N/A,0,0%
SAN LAZZARO DI SAVENA,N/A,0,0%
SAN LAZZARO DI SAVENA,N/A,0,0%
SAN LAZZARO DI SAVENA,N/A,0,0%
SAN LAZZARO DI SAVENA,N/A,Totale coalizione,0%
SAN LAZZARO DI SAVENA,BENINI SIMONE,0,0%
SAN LAZZARO DI SAVENA,N/A,0,0%
SAN LAZZARO DI SAVENA,COLLOT MARTA,0,0%
SAN LAZZARO DI SAVENA,N/A,0,0%
SAN LAZZARO DI SAVENA,BERGAMINI LAURA,0,0%
SAN LAZZARO DI SAVENA,N/A,0,0%
SAN LAZZARO DI SAVENA,BATTAGLIA DOMENICO,0,0%
SAN LAZZARO DI SAVENA,N/A,0,0%
SAN LAZZARO DI SAVENA,LUGLI STEFANO,0,0%
SAN LAZZARO DI SAVENA,N/A,0,0%
SAN LAZZARO DI SAVENA,N/A,0,19.236
SAN LAZZARO DI SAVENA,N/A,0,17.586
SAN PIETRO IN CASALE,BONACCINI STEFANO,Eletto pres.,0%
SAN PIETRO IN CASALE,N/A,0,0%
SAN PIETRO IN CASALE,N/A,0,0%
SAN PIETRO IN CASALE,N/A,0,0%
SAN PIETRO IN CASALE,N/A,0,0%
SAN PIETRO IN CASALE,N/A,0,0%
SAN PIETRO IN CASALE,N/A,0,0%
SAN PIETRO IN CASALE,N/A,Totale coalizione,0%
SAN PIETRO IN CASALE,BORGONZONI LUCIA,Eletto cons.,0%
SAN PIETRO IN CASALE,N/A,0,0%
SAN PIETRO IN CASALE,N/A,0,0%
SAN PIETRO IN CASALE,N/A,0,0%
SAN PIETRO IN CASALE,N/A,0,0%
SAN PIETRO IN CASALE,N/A,0,0%
SAN PIETRO IN CASALE,N/A,Totale coalizione,0%
SAN PIETRO IN CASALE,BENINI SIMONE,0,0%
SAN PIETRO IN CASALE,N/A,0,0%
SAN PIETRO IN CASALE,COLLOT MARTA,0,0%
SAN PIETRO IN CASALE,N/A,0,0%
SAN PIETRO IN CASALE,BERGAMINI LAURA,0,0%
SAN PIETRO IN CASALE,N/A,0,0%
SAN PIETRO IN CASALE,BATTAGLIA DOMENICO,0,0%
SAN PIETRO IN CASALE,N/A,0,0%
SAN PIETRO IN CASALE,LUGLI STEFANO,0,0%
SAN PIETRO IN CASALE,N/A,0,0%
SAN PIETRO IN CASALE,N/A,0,6.624
SAN PIETRO IN CASALE,N/A,0,6.218
SANT'AGATA BOLOGNESE,BORGONZONI LUCIA,Eletto cons.,0%
SANT'AGATA BOLOGNESE,N/A,0,0%
SANT'AGATA BOLOGNESE,N/A,0,0%
SANT'AGATA BOLOGNESE,N/A,0,0%
SANT'AGATA BOLOGNESE,N/A,0,0%
SANT'AGATA BOLOGNESE,N/A,0,0%
SANT'AGATA BOLOGNESE,N/A,Totale coalizione,0%
SANT'AGATA BOLOGNESE,BONACCINI STEFANO,Eletto pres.,0%
SANT'AGATA BOLOGNESE,N/A,0,0%
SANT'AGATA BOLOGNESE,N/A,0,0%
SANT'AGATA BOLOGNESE,N/A,0,0%
SANT'AGATA BOLOGNESE,N/A,0,0%
SANT'AGATA BOLOGNESE,N/A,0,0%
SANT'AGATA BOLOGNESE,N/A,0,0%
SANT'AGATA BOLOGNESE,N/A,Totale coalizione,0%
SANT'AGATA BOLOGNESE,BENINI SIMONE,0,0%
SANT'AGATA BOLOGNESE,N/A,0,0%
SANT'AGATA BOLOGNESE,BERGAMINI LAURA,0,0%
SANT'AGATA BOLOGNESE,N/A,0,0%
SANT'AGATA BOLOGNESE,BATTAGLIA DOMENICO,0,0%
SANT'AGATA BOLOGNESE,N/A,0,0%
SANT'AGATA BOLOGNESE,COLLOT MARTA,0,0%
SANT'AGATA BOLOGNESE,N/A,0,0%
SANT'AGATA BOLOGNESE,LUGLI STEFANO,0,0%
SANT'AGATA BOLOGNESE,N/A,0,0%
SANT'AGATA BOLOGNESE,N/A,0,3.832
SANT'AGATA BOLOGNESE,N/A,0,3.550
SASSO MARCONI,BONACCINI STEFANO,Eletto pres.,0%
SASSO MARCONI,N/A,0,0%
SASSO MARCONI,N/A,0,0%
SASSO MARCONI,N/A,0,0%
SASSO MARCONI,N/A,0,0%
SASSO MARCONI,N/A,0,0%
SASSO MARCONI,N/A,0,0%
SASSO MARCONI,N/A,Totale coalizione,0%
SASSO MARCONI,BORGONZONI LUCIA,Eletto cons.,0%
SASSO MARCONI,N/A,0,0%
SASSO MARCONI,N/A,0,0%
SASSO MARCONI,N/A,0,0%
SASSO MARCONI,N/A,0,0%
SASSO MARCONI,N/A,0,0%
SASSO MARCONI,N/A,Totale coalizione,0%
SASSO MARCONI,BENINI SIMONE,0,0%
SASSO MARCONI,N/A,0,0%
SASSO MARCONI,BERGAMINI LAURA,0,0%
SASSO MARCONI,N/A,0,0%
SASSO MARCONI,COLLOT MARTA,0,0%
SASSO MARCONI,N/A,0,0%
SASSO MARCONI,BATTAGLIA DOMENICO,0,0%
SASSO MARCONI,N/A,0,0%
SASSO MARCONI,LUGLI STEFANO,0,0%
SASSO MARCONI,N/A,0,0%
SASSO MARCONI,N/A,0,8.759
SASSO MARCONI,N/A,0,8.056
VALSAMOGGIA,BONACCINI STEFANO,Eletto pres.,0%
VALSAMOGGIA,N/A,0,0%
VALSAMOGGIA,N/A,0,0%
VALSAMOGGIA,N/A,0,0%
VALSAMOGGIA,N/A,0,0%
VALSAMOGGIA,N/A,0,0%
VALSAMOGGIA,N/A,0,0%
VALSAMOGGIA,N/A,Totale coalizione,0%
VALSAMOGGIA,BORGONZONI LUCIA,Eletto cons.,0%
VALSAMOGGIA,N/A,0,0%
VALSAMOGGIA,N/A,0,0%
VALSAMOGGIA,N/A,0,0%
VALSAMOGGIA,N/A,0,0%
VALSAMOGGIA,N/A,0,0%
VALSAMOGGIA,N/A,Totale coalizione,0%
VALSAMOGGIA,BENINI SIMONE,0,0%
VALSAMOGGIA,N/A,0,0%
VALSAMOGGIA,BERGAMINI LAURA,0,0%
VALSAMOGGIA,N/A,0,0%
VALSAMOGGIA,BATTAGLIA DOMENICO,0,0%
VALSAMOGGIA,N/A,0,0%
VALSAMOGGIA,COLLOT MARTA,0,0%
VALSAMOGGIA,N/A,0,0%
VALSAMOGGIA,LUGLI STEFANO,0,0%
VALSAMOGGIA,N/A,0,0%
VALSAMOGGIA,N/A,0,16.672
VALSAMOGGIA,N/A,0,15.617
VERGATO,BORGONZONI LUCIA,Eletto cons.,0%
VERGATO,N/A,0,0%
VERGATO,N/A,0,0%
VERGATO,N/A,0,0%
VERGATO,N/A,0,0%
VERGATO,N/A,0,0%
VERGATO,N/A,Totale coalizione,0%
VERGATO,BONACCINI STEFANO,Eletto pres.,0%
VERGATO,N/A,0,0%
VERGATO,N/A,0,0%
VERGATO,N/A,0,0%
VERGATO,N/A,0,0%
VERGATO,N/A,0,0%
VERGATO,N/A,0,0%
VERGATO,N/A,Totale coalizione,0%
VERGATO,BENINI SIMONE,0,0%
VERGATO,N/A,0,0%
VERGATO,BERGAMINI LAURA,0,0%
VERGATO,N/A,0,0%
VERGATO,LUGLI STEFANO,0,0%
VERGATO,N/A,0,0%
VERGATO,BATTAGLIA DOMENICO,0,0%
VERGATO,N/A,0,0%
VERGATO,COLLOT MARTA,0,0%
VERGATO,N/A,0,0%
VERGATO,N/A,0,3.963
VERGATO,N/A,0,3.734
ZOLA PREDOSA,BONACCINI STEFANO,Eletto pres.,0%
ZOLA PREDOSA,N/A,0,0%
ZOLA PREDOSA,N/A,0,0%
ZOLA PREDOSA,N/A,0,0%
ZOLA PREDOSA,N/A,0,0%
ZOLA PREDOSA,N/A,0,0%
ZOLA PREDOSA,N/A,0,0%
ZOLA PREDOSA,N/A,Totale coalizione,0%
ZOLA PREDOSA,BORGONZONI LUCIA,Eletto cons.,0%
ZOLA PREDOSA,N/A,0,0%
ZOLA PREDOSA,N/A,0,0%
ZOLA PREDOSA,N/A,0,0%
ZOLA PREDOSA,N/A,0,0%
ZOLA PREDOSA,N/A,0,0%
ZOLA PREDOSA,N/A,Totale coalizione,0%
ZOLA PREDOSA,BENINI SIMONE,0,0%
ZOLA PREDOSA,N/A,0,0%
ZOLA PREDOSA,BATTAGLIA DOMENICO,0,0%
ZOLA PREDOSA,N/A,0,0%
ZOLA PREDOSA,BERGAMINI LAURA,0,0%
ZOLA PREDOSA,N/A,0,0%
ZOLA PREDOSA,COLLOT MARTA,0,0%
ZOLA PREDOSA,N/A,0,0%
ZOLA PREDOSA,LUGLI STEFANO,0,0%
ZOLA PREDOSA,N/A,0,0%
ZOLA PREDOSA,N/A,0,11.158
ZOLA PREDOSA,N/A,0,10.281
